team,games,race_win_pct,avg_t10_secs,scored_first_pct,avg_max_lead_early,blitz_rate,wr_Fav_10p,n_Fav_10p,wr_Fav_5_10,n_Fav_5_10,wr_Close,n_Close,wr_Dog_5_10,n_Dog_5_10,wr_Dog_10p,n_Dog_10p,adj_net,adj_ortg,adj_drtg,tempo,in_tournament
Abilene Christian,33,0.485,402.091,0.515,2.667,0.152,,,0.667,3.0,0.421,19.0,0.25,4.0,0.5,4.0,-10.0,101.0,111.0,69.2,False
Adams State,1,0.0,486.0,1.0,3.0,0.0,,,,,,,,,,,-6.4,105.4,111.8,89.2,False
Adrian,1,0.0,549.0,0.0,0.0,0.0,,,,,,,,,,,,,,,False
Air Force,32,0.344,491.656,0.406,2.438,0.062,,,,,0.5,6.0,0.5,6.0,0.25,20.0,-25.2,93.3,118.5,67.4,False
Akron,34,0.706,272.559,0.647,3.618,0.206,0.684,19.0,0.667,6.0,0.667,6.0,,,1.0,1.0,15.2,121.8,106.7,71.9,True
Alabama,32,0.656,276.094,0.562,3.438,0.188,0.917,12.0,0.714,7.0,0.455,11.0,0.0,2.0,,,30.4,130.5,100.1,75.1,True
Alabama A&M,33,0.455,398.121,0.515,2.818,0.182,0.5,2.0,0.5,2.0,0.526,19.0,0.0,3.0,0.0,4.0,-14.6,102.3,117.0,67.7,False
Alabama State,32,0.594,364.469,0.469,3.031,0.156,0.5,2.0,0.667,3.0,0.786,14.0,0.5,4.0,0.25,8.0,-13.9,101.1,114.9,71.7,False
Alaska Anchorage,1,0.0,362.0,0.0,0.0,0.0,,,,,,,,,,,,,,,False
Alcorn State,31,0.226,420.871,0.323,2.323,0.065,,,1.0,2.0,0.143,7.0,0.273,11.0,0.091,11.0,-22.2,96.8,118.9,69.0,False
Alfred State,1,0.0,336.0,0.0,2.0,0.0,,,,,,,,,,,-6.4,105.4,111.8,84.4,False
Alice Lloyd College,1,1.0,235.0,1.0,3.0,0.0,,,,,,,,,,,,,,,False
Allegheny,1,0.0,751.0,0.0,0.0,0.0,,,,,,,,,,,,,,,False
American University,32,0.531,348.781,0.5,3.125,0.25,0.0,1.0,0.571,7.0,0.533,15.0,1.0,2.0,0.2,5.0,-7.1,107.0,114.2,67.7,False
Angelo State,1,0.0,460.0,0.0,0.0,0.0,,,,,,,,,,,-6.4,105.4,111.8,73.3,False
App State,32,0.625,370.219,0.594,3.938,0.281,1.0,2.0,0.286,7.0,0.647,17.0,0.667,3.0,1.0,1.0,-2.8,107.1,110.0,64.6,False
Apprentice School,1,0.0,405.0,0.0,0.0,0.0,,,,,,,,,,,,,,,False
Aquinas,1,0.0,363.0,0.0,0.0,0.0,,,,,,,,,,,,,,,False
Arcadia,1,0.0,253.0,0.0,0.0,0.0,,,,,,,,,,,,,,,False
Arizona,34,0.676,289.765,0.676,3.676,0.235,0.737,19.0,1.0,6.0,0.25,8.0,1.0,1.0,,,37.5,128.7,91.2,71.3,True
Arizona State,33,0.515,383.667,0.394,2.485,0.121,0.6,5.0,0.5,2.0,0.7,10.0,0.333,9.0,0.429,7.0,11.1,114.8,103.7,70.5,False
Arkansas,34,0.618,294.235,0.5,2.912,0.176,0.8,10.0,0.5,8.0,0.615,13.0,0.0,2.0,1.0,1.0,32.8,131.2,98.4,72.6,True
Arkansas Baptist,3,0.0,367.667,0.333,1.667,0.0,,,,,,,,,,,,,,,False
Arkansas State,32,0.594,336.875,0.625,3.406,0.188,1.0,5.0,0.375,8.0,0.667,15.0,,,0.0,2.0,3.6,112.9,109.3,72.7,False
Arkansas Tech,1,0.0,531.0,0.0,3.0,0.0,,,,,,,,,,,-6.4,105.4,111.8,74.6,False
Arkansas-Pine Bluff,32,0.438,356.625,0.375,2.906,0.094,1.0,2.0,1.0,2.0,0.417,12.0,0.333,3.0,0.273,11.0,-13.8,103.7,117.5,72.4,False
Arlington Baptist,3,0.0,526.0,0.333,1.0,0.0,,,,,,,,,,,,,,,False
Army,32,0.438,366.188,0.562,2.625,0.125,1.0,1.0,,,0.4,15.0,0.429,7.0,0.429,7.0,-15.0,102.9,117.9,67.5,False
Auburn,33,0.515,337.03,0.394,2.606,0.061,0.889,9.0,0.0,5.0,0.6,10.0,0.286,7.0,0.5,2.0,24.5,126.0,101.6,69.8,False
Auburn-Montgomery,1,0.0,593.0,1.0,2.0,0.0,,,,,,,,,,,,,,,False
Austin Peay,31,0.613,314.032,0.452,3.387,0.29,0.571,7.0,0.714,7.0,0.727,11.0,0.0,3.0,0.0,1.0,3.4,112.2,108.8,71.2,False
Averett,2,0.0,549.0,0.5,1.0,0.0,,,,,,,,,,,,,,,False
BYU,34,0.441,365.324,0.5,2.706,0.059,0.571,14.0,0.2,5.0,0.385,13.0,0.0,1.0,1.0,1.0,22.6,122.9,100.3,70.5,True
Ball State,30,0.7,408.6,0.467,3.133,0.233,,,1.0,1.0,0.833,12.0,0.7,10.0,0.2,5.0,-10.9,101.3,112.2,65.9,False
Baptist (Fl),1,0.0,667.0,1.0,2.0,0.0,,,,,,,,,,,,,,,False
Baylor,32,0.469,332.062,0.375,2.719,0.156,0.714,7.0,0.6,5.0,0.357,14.0,0.0,3.0,0.5,2.0,21.0,124.9,103.9,70.2,False
Bellarmine,32,0.375,350.375,0.594,2.719,0.031,,,,,0.412,17.0,0.5,8.0,0.0,5.0,-5.4,114.7,120.1,66.6,False
Belmont,32,0.688,326.219,0.531,3.688,0.25,0.875,8.0,0.375,8.0,0.714,14.0,,,1.0,1.0,8.5,117.7,109.2,71.2,False
Belmont Abbey,1,0.0,307.0,1.0,2.0,0.0,,,,,,,,,,,,,,,False
Benedictine (AZ),1,0.0,676.0,0.0,2.0,0.0,,,,,,,,,,,,,,,False
Benedictine University (IL),1,0.0,573.0,0.0,0.0,0.0,,,,,,,,,,,,,,,False
Berea,1,1.0,253.0,0.0,3.0,0.0,,,,,,,,,,,,,,,False
Bethany (WV),2,0.5,425.5,0.5,3.0,0.0,,,,,,,,,,,,,,,False
Bethel (TN),2,0.0,571.0,0.0,1.0,0.0,,,,,,,,,,,,,,,False
Bethesda University,7,0.0,480.571,0.429,1.143,0.0,,,,,,,,,,,,,,,False
Bethune-Cookman,32,0.438,357.625,0.625,2.969,0.25,0.5,4.0,0.875,8.0,0.444,9.0,0.0,1.0,0.0,8.0,-7.8,105.2,113.0,71.8,False
Binghamton,31,0.387,414.355,0.516,2.742,0.129,,,0.0,1.0,0.5,10.0,0.333,9.0,0.25,8.0,-23.0,99.1,122.1,65.4,False
Blackburn,1,0.0,378.0,0.0,1.0,0.0,,,,,,,,,,,,,,,False
Bloomfield,1,1.0,286.0,0.0,0.0,0.0,,,,,,,,,,,,,,,False
Bloomsburg,1,0.0,584.0,0.0,0.0,0.0,,,,,,,,,,,,,,,False
Blue Mountain,2,0.0,683.0,0.5,1.0,0.0,,,,,,,,,,,,,,,False
Bluefield State,1,1.0,404.0,1.0,3.0,0.0,,,,,,,,,,,,,,,False
Bluefield University,1,1.0,295.0,1.0,4.0,0.0,,,,,,,,,,,,,,,False
Bob Jones,3,0.0,641.0,0.333,0.667,0.0,,,,,,,,,,,,,,,False
Boise State,32,0.594,365.406,0.531,3.094,0.125,0.889,9.0,0.429,7.0,0.5,12.0,0.5,2.0,,,10.8,116.8,106.1,67.0,False
Boston College,30,0.533,381.333,0.467,2.6,0.133,0.667,6.0,1.0,1.0,0.4,10.0,0.75,4.0,0.444,9.0,1.7,106.4,104.7,66.1,False
Boston University,34,0.529,369.794,0.618,3.235,0.176,,,0.5,8.0,0.55,20.0,0.667,3.0,0.0,2.0,-5.4,111.9,117.3,63.9,False
Bowie State,1,0.0,261.0,0.0,0.0,0.0,,,,,,,,,,,-6.4,105.4,111.8,80.5,False
Bowling Green,32,0.531,339.438,0.562,3.094,0.156,0.8,5.0,0.667,9.0,0.25,12.0,0.0,1.0,1.0,2.0,1.7,108.1,106.4,72.3,False
Boyce,1,0.0,340.0,0.0,0.0,0.0,,,,,,,,,,,,,,,False
Bradley,33,0.424,366.636,0.394,2.697,0.121,0.25,4.0,0.455,11.0,0.429,14.0,0.333,3.0,,,3.9,111.9,108.0,67.7,False
Brandeis,1,0.0,527.0,0.0,0.0,0.0,,,,,,,,,,,,,,,False
Brescia,2,0.0,431.5,0.0,0.0,0.0,,,,,,,,,,,,,,,False
Brevard,1,0.0,549.0,0.0,0.0,0.0,,,,,,,,,,,,,,,False
Brewton-Parker,2,0.0,665.5,0.0,0.0,0.0,,,,,,,,,,,,,,,False
Brown,27,0.481,381.111,0.519,3.37,0.222,,,1.0,2.0,0.267,15.0,1.0,5.0,0.0,3.0,-10.1,100.8,110.9,67.6,False
Bryan (TN),4,0.0,682.75,0.0,0.0,0.0,,,,,,,,,,,,,,,False
Bryant,31,0.226,491.774,0.419,1.742,0.065,,,0.0,2.0,0.214,14.0,0.0,6.0,0.286,7.0,-20.0,97.6,117.6,65.0,False
Bryant & Stratton,1,0.0,967.0,1.0,2.0,0.0,,,,,,,,,,,,,,,False
Bryant & Stratton (Ohio),1,0.0,670.0,0.0,0.0,0.0,,,,,,,,,,,,,,,False
Bucknell,33,0.545,372.03,0.485,2.697,0.091,,,0.0,2.0,0.611,18.0,0.25,8.0,1.0,5.0,-16.5,100.3,116.8,67.1,False
Buena Vista,1,1.0,282.0,1.0,4.0,0.0,,,,,,,,,,,,,,,False
Buffalo,32,0.406,350.188,0.375,1.969,0.062,,,0.5,8.0,0.167,12.0,0.4,5.0,0.75,4.0,-4.5,109.9,114.4,67.1,False
Butler,32,0.625,345.312,0.594,3.75,0.219,0.667,6.0,0.75,4.0,0.714,14.0,0.5,4.0,0.25,4.0,8.5,116.1,107.6,70.0,False
Cal Poly,33,0.485,338.788,0.485,2.606,0.091,,,0.0,3.0,0.615,13.0,0.5,10.0,0.4,5.0,-6.5,109.1,115.6,76.5,False
Cal State Bakersfield,32,0.406,366.344,0.344,1.969,0.094,0.0,1.0,1.0,1.0,0.8,5.0,0.308,13.0,0.2,10.0,-15.2,100.9,116.1,73.2,False
Cal State Fullerton,34,0.353,402.324,0.382,2.471,0.088,1.0,1.0,0.333,3.0,0.438,16.0,0.167,6.0,0.0,5.0,-2.1,108.9,111.0,76.1,False
Cal State Northridge,34,0.5,339.324,0.618,3.088,0.118,0.0,1.0,0.286,7.0,0.611,18.0,0.5,4.0,0.0,2.0,-2.6,108.7,111.3,76.0,False
Caldwell,1,1.0,234.0,0.0,2.0,0.0,,,,,,,,,,,,,,,False
California,32,0.625,344.375,0.656,3.5,0.219,0.714,7.0,0.8,5.0,0.667,9.0,0.429,7.0,0.667,3.0,12.1,115.5,103.4,69.5,False
California Baptist,33,0.545,386.061,0.545,3.182,0.212,0.75,8.0,0.6,10.0,0.444,9.0,0.25,4.0,0.5,2.0,0.3,108.1,107.8,67.2,True
Caltech,1,0.0,302.0,0.0,1.0,0.0,,,,,,,,,,,,,,,False
Calumet College,2,0.5,292.5,1.0,2.5,0.0,,,,,,,,,,,,,,,False
Cameron,1,0.0,371.0,0.0,0.0,0.0,,,,,,,,,,,,,,,False
Campbell,34,0.618,348.618,0.412,2.647,0.147,,,0.667,6.0,0.667,15.0,0.8,5.0,0.167,6.0,-0.1,112.4,112.4,70.6,False
Campbellsville,1,0.0,195.0,1.0,3.0,0.0,,,,,,,,,,,,,,,False
Canisius,31,0.613,389.548,0.677,2.968,0.129,,,,,0.556,9.0,0.818,11.0,0.4,10.0,-19.3,97.8,117.1,64.5,False
Capital,1,0.0,563.0,0.0,1.0,0.0,,,,,,,,,,,,,,,False
Carolina University,3,0.0,691.667,0.0,0.333,0.0,,,,,,,,,,,,,,,False
Catawba,1,0.0,427.0,0.0,0.0,0.0,,,,,,,,,,,,,,,False
Centenary (LA),1,0.0,781.0,0.0,0.0,0.0,,,,,,,,,,,,,,,False
Centenary (NJ),1,0.0,433.0,0.0,0.0,0.0,,,,,,,,,,,,,,,False
Central Arkansas,34,0.647,310.206,0.588,3.676,0.294,1.0,4.0,0.667,6.0,0.714,14.0,1.0,2.0,0.167,6.0,3.1,111.8,108.7,69.9,False
Central Connecticut,30,0.733,356.867,0.567,3.5,0.267,,,1.0,9.0,0.769,13.0,0.5,2.0,0.0,4.0,-11.8,105.4,117.2,66.0,False
Central Michigan,30,0.467,357.833,0.433,2.633,0.133,,,,,0.455,11.0,0.5,8.0,0.333,9.0,-9.1,105.9,115.1,69.4,False
Central Penn,3,0.0,557.333,0.333,1.0,0.0,,,,,,,,,,,,,,,False
Central State (OH),2,0.0,366.5,0.0,0.0,0.0,,,,,,,,,,,,,,,False
Chaminade,3,0.667,295.333,0.333,2.333,0.0,,,,,,,,,,,,,,,False
Champion Christian,5,0.4,363.8,0.0,1.0,0.0,,,,,,,,,,,,,,,False
Charleston,32,0.438,357.094,0.531,2.75,0.125,0.333,3.0,0.667,6.0,0.412,17.0,0.0,4.0,1.0,1.0,0.1,109.6,109.5,68.9,False
Charleston Southern,32,0.438,327.062,0.594,3.344,0.156,0.75,4.0,1.0,2.0,0.154,13.0,0.5,4.0,0.333,6.0,-7.4,105.7,113.1,74.2,False
Charlotte,34,0.471,367.294,0.706,3.353,0.206,1.0,3.0,0.667,3.0,0.429,14.0,0.375,8.0,0.4,5.0,-0.0,112.0,112.0,64.2,False
Chattanooga,31,0.29,395.968,0.581,2.581,0.065,1.0,2.0,0.2,5.0,0.267,15.0,0.0,3.0,0.0,4.0,-8.4,108.2,116.6,67.5,False
Cheyney (PA),2,0.0,373.0,1.0,2.5,0.0,,,,,,,,,,,,,,,False
Chicago State,31,0.161,475.839,0.484,2.065,0.065,,,,,0.091,11.0,0.333,6.0,0.143,14.0,-19.2,100.6,119.8,65.7,False
Christendom,1,0.0,556.0,1.0,3.0,0.0,,,,,,,,,,,,,,,False
Christian Brothers,1,1.0,282.0,0.0,4.0,0.0,,,,,,,,,,,,,,,False
Cincinnati,33,0.636,359.848,0.636,3.576,0.273,0.5,10.0,1.0,4.0,0.667,12.0,0.8,5.0,0.0,2.0,19.1,116.7,97.6,69.5,False
Cincinnati Clermont,1,0.0,544.0,0.0,0.0,0.0,,,,,,,,,,,,,,,False
City College NY,2,0.0,402.5,0.5,2.5,0.0,,,,,,,,,,,,,,,False
Cleary University,3,0.0,560.667,0.667,1.333,0.0,,,,,,,,,,,,,,,False
Clemson,34,0.588,331.235,0.618,3.206,0.206,0.9,10.0,0.6,5.0,0.5,16.0,0.0,1.0,0.0,2.0,16.0,117.2,101.2,65.5,True
Cleveland State,33,0.424,383.485,0.394,2.515,0.091,,,,,0.5,8.0,0.5,8.0,0.214,14.0,-14.1,107.0,121.0,71.4,False
Clinton College,1,0.0,816.0,0.0,0.0,0.0,,,,,,,,,,,-6.4,105.4,111.8,75.8,False
Coastal Carolina,32,0.469,382.781,0.594,3.562,0.156,,,1.0,3.0,0.45,20.0,0.4,5.0,0.0,3.0,-9.9,101.1,111.0,68.9,False
Coastal Georgia,3,0.0,317.333,0.333,0.667,0.0,,,,,,,,,,,,,,,False
Coe,2,0.5,557.0,0.0,1.0,0.0,,,,,,,,,,,,,,,False
Colgate,33,0.515,374.303,0.515,2.788,0.121,1.0,3.0,0.462,13.0,0.556,9.0,0.333,3.0,0.0,3.0,-4.1,109.0,113.2,66.5,False
College Of Biblical Studies,9,0.0,605.0,0.0,0.0,0.0,,,,,,,,,,,,,,,False
Colorado,32,0.531,363.719,0.75,3.406,0.156,0.5,8.0,0.5,2.0,0.692,13.0,0.25,4.0,0.4,5.0,8.5,117.3,108.9,69.9,False
Colorado Christian,2,0.0,531.0,0.0,0.0,0.0,,,,,,,,,,,,,,,False
Colorado College,1,1.0,331.0,1.0,2.0,0.0,,,,,,,,,,,,,,,False
Colorado State,32,0.594,360.906,0.531,3.406,0.125,1.0,8.0,0.0,4.0,0.455,11.0,0.714,7.0,0.0,1.0,8.9,118.1,109.3,64.1,False
Colorado-Colorado Springs,1,0.0,372.0,0.0,2.0,0.0,,,,,,,,,,,,,,,False
Columbia,28,0.571,363.893,0.643,2.821,0.357,0.0,3.0,0.6,5.0,0.714,14.0,0.333,3.0,0.0,1.0,-0.2,110.6,110.7,67.6,False
Columbia College (SC),2,0.5,268.5,0.5,1.5,0.0,,,,,,,,,,,,,,,False
Columbia International,2,0.0,623.0,0.5,1.0,0.0,,,,,,,,,,,-6.4,105.4,111.8,68.2,False
Concord,1,0.0,674.0,0.0,0.0,0.0,,,,,,,,,,,,,,,False
Concordia-Nebraska,1,0.0,321.0,0.0,1.0,0.0,,,,,,,,,,,,,,,False
Converse University,1,0.0,640.0,0.0,0.0,0.0,,,,,,,,,,,,,,,False
Coppin State,31,0.194,499.387,0.323,1.71,0.065,,,,,0.167,6.0,0.333,6.0,0.111,18.0,-31.4,91.2,122.6,69.4,False
Cornell,28,0.536,280.071,0.357,2.607,0.143,0.0,1.0,0.429,7.0,0.5,12.0,0.5,4.0,1.0,2.0,1.2,117.1,115.9,72.2,False
Creighton,32,0.438,345.906,0.406,2.375,0.125,0.8,5.0,0.6,5.0,0.412,17.0,0.0,2.0,0.0,3.0,10.5,117.3,106.8,68.5,False
Crown College,1,1.0,178.0,0.0,8.0,1.0,,,,,,,,,,,,,,,False
Culver-Stockton,1,0.0,390.0,0.0,3.0,0.0,,,,,,,,,,,,,,,False
Cumberland (KY),1,1.0,289.0,0.0,2.0,0.0,,,,,,,,,,,,,,,False
Cumberland (TN),1,1.0,304.0,1.0,5.0,0.0,,,,,,,,,,,,,,,False
Curry College,1,0.0,683.0,0.0,0.0,0.0,,,,,,,,,,,,,,,False
Dakota State,3,0.333,279.667,0.333,2.0,0.0,,,,,,,,,,,-6.4,105.4,111.8,67.6,False
Dakota Wesleyan,1,1.0,288.0,0.0,5.0,0.0,,,,,,,,,,,,,,,False
Dallas,2,0.0,753.5,0.0,0.0,0.0,,,,,,,,,,,,,,,False
Dallas Christian,3,0.0,802.333,0.333,1.0,0.0,,,,,,,,,,,,,,,False
Dartmouth,27,0.593,353.296,0.481,2.407,0.074,,,1.0,1.0,0.6,15.0,0.6,5.0,0.25,4.0,-8.9,104.4,113.3,70.2,False
Davidson,33,0.545,380.424,0.667,3.182,0.152,0.5,4.0,0.333,3.0,0.562,16.0,0.5,6.0,0.5,2.0,2.3,110.4,108.1,64.4,False
Dayton,34,0.676,363.294,0.588,3.412,0.235,0.667,9.0,0.8,10.0,0.667,9.0,0.5,6.0,,,11.1,112.6,101.5,68.1,False
DePaul,30,0.533,408.867,0.6,3.233,0.233,0.714,7.0,,,0.643,14.0,0.2,5.0,0.25,4.0,7.2,110.6,103.4,67.9,False
DeSales,1,0.0,387.0,0.0,0.0,0.0,,,,,,,,,,,,,,,False
Defiance,2,0.0,518.5,0.5,1.5,0.0,,,,,,,,,,,,,,,False
Delaware,31,0.419,428.645,0.387,2.806,0.097,,,0.5,2.0,0.25,12.0,0.625,8.0,0.375,8.0,-13.0,102.9,115.9,64.2,False
Delaware State,30,0.433,443.0,0.433,2.5,0.1,,,1.0,1.0,0.5,10.0,0.429,7.0,0.222,9.0,-24.6,92.5,117.2,66.6,False
Denver,32,0.469,350.844,0.5,2.5,0.094,,,0.5,4.0,0.462,13.0,0.4,5.0,0.286,7.0,-6.2,113.0,119.2,69.6,False
Detroit Mercy,32,0.5,365.719,0.531,2.781,0.062,,,1.0,1.0,0.5,14.0,0.556,9.0,0.167,6.0,-1.5,110.6,112.1,70.2,False
Dickinson (PA),1,0.0,361.0,0.0,4.0,0.0,,,,,,,,,,,,,,,False
District Of Columbia,1,0.0,431.0,1.0,2.0,0.0,,,,,,,,,,,,,,,False
Doane,1,0.0,333.0,0.0,1.0,0.0,,,,,,,,,,,,,,,False
Dominican (CA),2,1.0,301.5,0.5,1.5,0.0,,,,,,,,,,,,,,,False
Dominican (IL),2,0.0,424.0,0.0,0.0,0.0,,,,,,,,,,,,,,,False
Drake,34,0.5,364.441,0.5,2.559,0.176,1.0,1.0,0.5,6.0,0.6,15.0,0.375,8.0,0.0,2.0,-2.2,110.4,112.7,68.6,False
Drexel,33,0.606,364.758,0.636,3.606,0.121,0.667,3.0,0.25,4.0,0.632,19.0,0.6,5.0,1.0,1.0,-4.8,105.0,109.7,65.8,False
Duke,34,0.647,303.206,0.559,3.176,0.206,0.68,25.0,0.6,5.0,0.667,3.0,0.0,1.0,,,42.2,132.2,90.0,67.1,True
Duquesne,33,0.636,312.545,0.576,3.909,0.303,1.0,6.0,0.25,4.0,0.583,12.0,0.5,6.0,0.667,3.0,4.3,112.8,108.5,70.0,False
Earlham College,1,0.0,1362.0,0.0,0.0,0.0,,,,,,,,,,,,,,,False
East Carolina,31,0.452,380.419,0.355,2.161,0.129,0.333,3.0,1.0,2.0,0.455,11.0,0.5,6.0,0.25,8.0,-6.2,105.9,112.1,68.9,False
East Tennessee State,34,0.529,372.088,0.559,3.0,0.147,0.8,10.0,0.273,11.0,0.444,9.0,,,0.5,2.0,2.8,111.7,108.9,66.7,False
East Texas A&M,32,0.406,413.438,0.5,2.531,0.156,,,,,0.429,14.0,0.333,6.0,0.222,9.0,-10.7,103.0,113.8,69.3,False
East-West University,3,0.0,467.0,0.333,1.333,0.0,,,,,,,,,,,,,,,False
Eastern Illinois,33,0.424,433.152,0.333,2.061,0.091,,,1.0,1.0,0.214,14.0,0.444,9.0,0.5,6.0,-16.0,98.0,114.1,66.7,False
Eastern Kentucky,32,0.406,350.0,0.5,2.312,0.125,,,0.5,6.0,0.438,16.0,0.2,5.0,0.0,3.0,-5.7,110.8,116.5,70.0,False
Eastern Michigan,31,0.452,405.935,0.355,2.677,0.226,1.0,1.0,0.5,2.0,0.667,12.0,0.0,6.0,0.333,9.0,-7.2,103.3,110.6,68.2,False
Eastern Oregon,2,0.0,310.5,0.0,1.0,0.0,,,,,,,,,,,,,,,False
Eastern University (PA),1,0.0,431.0,0.0,0.0,0.0,,,,,,,,,,,,,,,False
Eastern Washington,33,0.424,351.242,0.455,2.576,0.121,,,1.0,3.0,0.25,16.0,0.5,8.0,0.4,5.0,-1.1,112.9,114.0,69.6,False
Ecclesia,5,0.0,574.6,0.4,1.4,0.0,,,,,,,,,,,,,,,False
Elizabeth City State,2,0.0,369.5,0.5,4.0,0.0,,,,,,,,,,,,,,,False
Elmira,1,0.0,427.0,0.0,0.0,0.0,,,,,,,,,,,,,,,False
Elms College,2,0.0,726.5,0.5,1.5,0.0,,,,,,,,,,,,,,,False
Elon,32,0.531,356.75,0.438,2.469,0.062,0.5,2.0,0.5,2.0,0.5,18.0,0.5,6.0,0.5,2.0,-3.7,110.6,114.3,68.0,False
Embry-Riddle (AZ),1,0.0,514.0,0.0,0.0,0.0,,,,,,,,,,,,,,,False
Emerson,1,0.0,518.0,1.0,6.0,0.0,,,,,,,,,,,,,,,False
Emmanuel (MA),1,0.0,579.0,0.0,0.0,0.0,,,,,,,,,,,,,,,False
Erskine,2,0.0,688.5,0.5,1.0,0.0,,,,,,,,,,,,,,,False
Eureka,2,0.5,296.0,0.0,1.5,0.0,,,,,,,,,,,,,,,False
Evansville,32,0.344,402.406,0.406,2.438,0.062,,,0.0,1.0,0.6,5.0,0.25,12.0,0.333,12.0,-14.0,101.8,115.7,67.4,False
Evergreen State,2,0.0,727.5,0.0,0.0,0.0,,,,,,,,,,,,,,,False
Fairfield,34,0.5,366.382,0.441,2.647,0.147,1.0,3.0,0.5,6.0,0.389,18.0,0.5,4.0,0.5,2.0,-6.0,107.7,113.7,67.4,False
Fairleigh Dickinson,32,0.5,432.062,0.531,2.938,0.188,,,1.0,1.0,0.471,17.0,0.2,5.0,0.5,6.0,-15.3,102.0,117.3,64.2,False
Farmingdale State,1,0.0,501.0,0.0,0.0,0.0,,,,,,,,,,,,,,,False
Fisher College,1,0.0,427.0,0.0,0.0,0.0,,,,,,,,,,,,,,,False
Fisk,4,0.0,481.5,0.5,1.0,0.0,,,,,,,,,,,,,,,False
Florida,33,0.727,283.091,0.576,3.818,0.364,0.778,18.0,0.727,11.0,0.333,3.0,1.0,1.0,,,39.7,130.4,90.7,72.4,True
Florida A&M,29,0.379,434.207,0.483,2.276,0.103,1.0,1.0,0.333,3.0,0.429,14.0,0.0,2.0,0.375,8.0,-14.2,99.1,113.3,70.4,False
Florida Atlantic,33,0.576,325.152,0.697,3.606,0.182,0.8,5.0,0.667,3.0,0.5,18.0,0.5,4.0,0.0,1.0,1.3,109.7,108.4,70.5,False
Florida Gulf Coast,33,0.576,379.515,0.485,2.909,0.152,0.5,4.0,0.667,6.0,0.6,15.0,0.667,3.0,0.667,3.0,-2.6,108.5,111.1,68.8,False
Florida International,32,0.562,351.25,0.531,3.344,0.094,,,0.5,4.0,0.647,17.0,0.4,5.0,0.0,3.0,-2.2,107.7,109.9,72.4,False
Florida Memorial,1,1.0,197.0,1.0,4.0,1.0,,,,,,,,,,,,,,,False
Florida National,1,0.0,588.0,0.0,0.0,0.0,,,,,,,,,,,-6.4,105.4,111.8,74.8,False
Florida State,33,0.455,343.727,0.636,2.879,0.121,0.778,9.0,1.0,1.0,0.333,12.0,0.5,4.0,0.143,7.0,17.0,120.3,103.3,71.8,False
Fordham,32,0.375,446.219,0.375,2.438,0.094,0.4,5.0,0.667,3.0,0.091,11.0,0.5,6.0,0.25,4.0,0.1,107.4,107.2,65.8,False
Fort Lauderdale,3,0.333,284.0,0.667,3.0,0.0,,,,,,,,,,,,,,,False
Fort Valley State,1,0.0,456.0,0.0,0.0,0.0,,,,,,,,,,,,,,,False
Franciscan University,1,0.0,373.0,0.0,2.0,0.0,,,,,,,,,,,,,,,False
Franklin,1,0.0,1067.0,0.0,0.0,0.0,,,,,,,,,,,,,,,False
Franklin Pierce,1,0.0,399.0,0.0,2.0,0.0,,,,,,,,,,,,,,,False
Fresno Pacific,1,0.0,585.0,0.0,0.0,0.0,,,,,,,,,,,,,,,False
Fresno State,32,0.625,388.969,0.562,2.938,0.188,1.0,2.0,1.0,5.0,0.455,11.0,0.667,6.0,0.429,7.0,-2.4,106.4,108.8,68.7,False
Furman,34,0.676,327.912,0.529,3.176,0.206,0.857,7.0,0.667,6.0,0.562,16.0,0.5,2.0,,,0.1,110.2,110.1,66.8,True
Gallaudet,1,0.0,579.0,0.0,0.0,0.0,,,,,,,,,,,,,,,False
Gardner-Webb,32,0.344,459.5,0.438,2.188,0.094,,,,,,,0.333,3.0,0.269,26.0,-28.3,94.3,122.6,71.1,False
George Fox,1,0.0,773.0,1.0,2.0,0.0,,,,,,,,,,,,,,,False
George Mason,32,0.5,377.375,0.594,3.062,0.156,0.667,9.0,0.571,7.0,0.25,12.0,0.5,2.0,1.0,1.0,8.4,115.7,107.3,65.0,False
George Washington,32,0.562,345.344,0.594,3.438,0.219,0.5,12.0,0.667,6.0,0.667,9.0,0.0,2.0,0.5,2.0,13.9,119.6,105.7,70.5,False
Georgetown,34,0.412,374.941,0.559,2.971,0.118,0.833,6.0,0.0,1.0,0.462,13.0,0.111,9.0,0.4,5.0,8.6,115.1,106.5,67.3,False
Georgia,32,0.625,302.344,0.5,3.5,0.156,0.833,12.0,0.5,4.0,0.667,12.0,0.0,4.0,,,23.2,124.9,101.7,73.5,True
Georgia College,1,0.0,304.0,0.0,0.0,0.0,,,,,,,,,,,,,,,False
Georgia Southern,37,0.432,351.162,0.405,2.838,0.081,0.5,2.0,0.4,5.0,0.381,21.0,0.6,5.0,0.5,2.0,-7.5,107.5,115.0,71.1,False
Georgia State,32,0.406,374.844,0.375,2.281,0.125,,,1.0,1.0,0.5,14.0,0.125,8.0,0.429,7.0,-13.0,101.3,114.3,69.0,False
Georgia Tech,30,0.367,378.433,0.533,2.6,0.067,0.714,7.0,0.0,3.0,0.5,6.0,0.286,7.0,0.143,7.0,3.1,110.4,107.3,71.7,False
Georgian Court,2,0.0,599.5,0.5,1.0,0.0,,,,,,,,,,,,,,,False
Gonzaga,33,0.606,339.545,0.485,3.455,0.242,0.667,24.0,0.5,4.0,0.4,5.0,,,,,31.5,125.8,94.3,70.3,True
Grambling,31,0.419,416.903,0.355,2.677,0.097,0.5,2.0,0.429,7.0,0.5,14.0,0.333,3.0,0.0,4.0,-13.5,99.3,112.8,69.5,False
Grand Canyon,31,0.742,334.484,0.548,3.742,0.258,0.917,12.0,0.333,3.0,0.8,10.0,0.5,6.0,,,11.0,113.6,102.7,71.7,False
Green Bay,33,0.485,385.576,0.424,3.182,0.273,,,0.5,2.0,0.533,15.0,0.6,10.0,0.0,4.0,-1.2,113.1,114.3,65.1,False
Greensboro College,1,0.0,238.0,0.0,0.0,0.0,,,,,,,,,,,,,,,False
Gwynedd-Mercy,1,0.0,378.0,0.0,0.0,0.0,,,,,,,,,,,,,,,False
Hampton,32,0.469,396.969,0.406,2.188,0.062,,,0.75,4.0,0.583,12.0,0.333,9.0,0.0,5.0,-9.6,103.2,112.9,66.4,False
Hannibal-LaGrange,1,0.0,788.0,1.0,2.0,0.0,,,,,,,,,,,,,,,False
Hanover,1,0.0,646.0,0.0,1.0,0.0,,,,,,,,,,,,,,,False
Harris-Stowe State,1,0.0,392.0,0.0,0.0,0.0,,,,,,,,,,,,,,,False
Harvard,29,0.552,358.069,0.517,3.069,0.138,0.5,2.0,0.6,5.0,0.583,12.0,0.5,6.0,0.333,3.0,1.5,109.7,108.2,63.9,False
Haskell,2,0.0,573.5,0.0,0.0,0.0,,,,,,,,,,,,,,,False
Hawai'i,32,0.656,340.469,0.5,4.0,0.344,0.667,12.0,0.8,5.0,0.545,11.0,,,0.0,1.0,1.9,108.8,106.9,72.2,True
Hawai'i Hilo,1,0.0,488.0,0.0,0.0,0.0,,,,,,,,,,,,,,,False
Hawai'i Pacific,2,0.5,394.0,0.5,3.0,0.0,,,,,,,,,,,,,,,False
High Point,34,0.735,286.088,0.529,3.794,0.294,0.85,20.0,0.8,5.0,0.0,5.0,1.0,1.0,,,12.4,119.9,107.5,71.7,True
Hofstra,34,0.706,341.676,0.529,3.147,0.147,1.0,2.0,0.6,10.0,0.625,16.0,1.0,3.0,1.0,1.0,8.8,114.9,106.1,65.7,True
Holy Cross,33,0.485,420.97,0.515,2.818,0.03,,,,,0.6,15.0,0.6,10.0,0.0,6.0,-16.4,100.4,116.9,66.2,False
Holy Cross College (IN),1,0.0,510.0,0.0,1.0,0.0,,,,,,,,,,,,,,,False
Holy Family University,1,1.0,188.0,0.0,3.0,1.0,,,,,,,,,,,,,,,False
Houghton,1,0.0,825.0,0.0,0.0,0.0,,,,,,,,,,,-6.4,105.4,111.8,64.8,False
Houston,34,0.706,332.353,0.647,4.0,0.412,0.789,19.0,0.571,7.0,0.625,8.0,,,,,35.5,127.9,92.5,65.3,True
Houston Christian,32,0.406,404.312,0.469,2.281,0.094,,,0.0,1.0,0.353,17.0,0.429,7.0,0.4,5.0,-10.0,103.2,113.2,64.8,False
Howard,33,0.576,396.818,0.606,3.364,0.242,0.667,9.0,0.667,6.0,0.5,8.0,0.5,2.0,0.25,4.0,-0.3,107.1,107.4,70.3,True
Howard Payne,2,0.0,374.0,0.5,1.5,0.0,,,,,,,,,,,,,,,False
Humboldt State,1,0.0,467.0,0.0,0.0,0.0,,,,,,,,,,,,,,,False
Huntingdon College (AL),1,0.0,357.0,0.0,2.0,0.0,,,,,,,,,,,,,,,False
Huston-Tillotson,1,0.0,394.0,1.0,2.0,0.0,,,,,,,,,,,,,,,False
IU Columbus,1,0.0,329.0,0.0,1.0,0.0,,,,,,,,,,,,,,,False
IU Indianapolis,32,0.531,301.656,0.625,3.469,0.156,,,,,0.643,14.0,0.222,9.0,0.571,7.0,-8.4,109.4,117.8,76.3,False
Idaho,35,0.6,350.8,0.543,3.486,0.229,0.333,3.0,0.667,6.0,0.632,19.0,0.333,3.0,0.0,1.0,-0.9,109.0,109.9,69.2,True
Idaho State,33,0.394,367.455,0.424,2.242,0.091,,,0.6,5.0,0.471,17.0,0.0,4.0,0.25,4.0,-6.6,110.0,116.5,66.2,False
Illinois,31,0.742,303.677,0.516,3.355,0.161,0.8,15.0,0.429,7.0,1.0,8.0,0.0,1.0,,,36.4,133.9,97.5,66.5,True
Illinois State,32,0.438,355.375,0.5,3.125,0.188,0.875,8.0,0.222,9.0,0.333,12.0,0.0,1.0,0.0,1.0,5.9,112.4,106.6,67.6,False
Illinois Tech,2,0.0,506.0,0.5,1.0,0.0,,,,,,,,,,,-2.8,108.6,111.4,74.8,False
Incarnate Word,31,0.548,351.0,0.613,2.548,0.129,,,0.667,6.0,0.467,15.0,0.667,3.0,0.5,4.0,-6.7,108.6,115.3,66.6,False
Indiana,31,0.581,332.871,0.484,3.355,0.194,0.8,10.0,0.714,7.0,0.3,10.0,1.0,2.0,0.0,2.0,19.6,122.8,103.2,66.2,False
Indiana State,31,0.645,337.677,0.387,2.71,0.194,1.0,1.0,0.5,2.0,0.769,13.0,0.5,8.0,0.4,5.0,-4.0,106.9,110.9,68.8,False
Indiana University East,2,0.0,420.5,0.0,0.5,0.0,,,,,,,,,,,,,,,False
Iona,32,0.656,322.812,0.469,3.0,0.156,0.667,3.0,0.6,5.0,0.684,19.0,0.667,3.0,0.5,2.0,-7.1,104.9,112.0,68.4,False
Iowa,32,0.656,383.344,0.469,3.281,0.094,0.769,13.0,0.333,6.0,0.556,9.0,1.0,2.0,1.0,2.0,24.3,124.2,99.8,63.3,True
Iowa State,34,0.676,334.382,0.412,3.353,0.294,0.789,19.0,0.5,6.0,0.571,7.0,0.5,2.0,,,36.0,129.2,93.2,68.4,True
Jackson State,33,0.394,387.818,0.424,2.394,0.091,0.0,1.0,0.5,2.0,0.5,8.0,0.538,13.0,0.111,9.0,-22.9,97.3,120.2,71.1,False
Jacksonville,32,0.438,361.656,0.438,2.719,0.156,1.0,1.0,1.0,3.0,0.357,14.0,0.2,5.0,0.286,7.0,-10.1,104.7,114.8,66.1,False
Jacksonville State,32,0.562,373.594,0.438,3.0,0.281,,,0.75,4.0,0.524,21.0,0.333,3.0,0.0,1.0,-5.7,105.8,111.5,66.7,False
James Madison,33,0.455,375.485,0.636,3.303,0.152,1.0,3.0,0.429,7.0,0.438,16.0,0.0,3.0,0.333,3.0,-3.1,109.5,112.6,66.9,False
Jamestown,1,0.0,345.0,0.0,0.0,0.0,,,,,,,,,,,,,,,False
Jarvis Christian,2,0.5,391.5,0.0,1.5,0.0,,,,,,,,,,,,,,,False
Jessup University,1,0.0,489.0,1.0,2.0,0.0,,,,,,,,,,,,,,,False
John Brown,1,1.0,269.0,0.0,1.0,0.0,,,,,,,,,,,,,,,False
John Jay College,1,0.0,473.0,0.0,0.0,0.0,,,,,,,,,,,,,,,False
Johnson & Wales (NC),1,0.0,629.0,0.0,0.0,0.0,,,,,,,,,,,,,,,False
Johnson & Wales (RI),2,0.0,602.0,0.5,1.5,0.0,,,,,,,,,,,,,,,False
Johnson C Smith,1,1.0,322.0,0.0,5.0,1.0,,,,,,,,,,,,,,,False
Justice College,3,0.0,595.667,0.667,2.333,0.0,,,,,,,,,,,,,,,False
Kansas,33,0.545,354.303,0.636,3.455,0.182,0.714,7.0,0.5,8.0,0.643,14.0,0.0,3.0,0.0,1.0,26.8,121.5,94.7,68.5,True
Kansas Christian,1,0.0,413.0,0.0,0.0,0.0,,,,,,,,,,,,,,,False
Kansas City,30,0.333,391.8,0.4,1.9,0.1,,,,,0.375,8.0,0.125,8.0,0.333,12.0,-26.0,93.4,119.4,71.7,False
Kansas State,32,0.469,385.219,0.5,2.969,0.062,0.625,8.0,1.0,1.0,0.25,12.0,1.0,4.0,0.286,7.0,8.6,115.5,106.9,73.9,False
Kean,1,0.0,542.0,1.0,3.0,0.0,,,,,,,,,,,,,,,False
Kennesaw State,33,0.455,347.939,0.636,2.818,0.182,0.75,4.0,0.5,6.0,0.4,15.0,0.0,4.0,0.0,1.0,1.7,111.3,109.6,72.0,True
Kent State,33,0.576,331.545,0.576,3.242,0.212,0.444,9.0,1.0,6.0,0.462,13.0,1.0,1.0,0.0,2.0,3.2,113.7,110.5,72.9,False
Kentucky,34,0.529,357.088,0.441,2.647,0.176,0.9,10.0,0.5,6.0,0.556,9.0,0.143,7.0,0.0,2.0,25.5,123.3,97.7,69.9,True
Kentucky Christian,4,0.0,545.25,0.25,1.25,0.0,,,,,,,,,,,,,,,False
Kentucky State,1,0.0,490.0,0.0,0.0,0.0,,,,,,,,,,,-6.4,105.4,111.8,74.2,False
LSU,30,0.533,324.1,0.567,3.567,0.267,0.889,9.0,0.0,3.0,0.556,9.0,0.25,4.0,0.4,5.0,12.1,119.4,107.3,68.8,False
La Salle,32,0.5,355.438,0.531,2.75,0.156,1.0,1.0,,,0.727,11.0,0.429,7.0,0.25,12.0,-7.5,103.9,111.5,66.7,False
La Sierra,3,0.0,742.333,0.333,0.667,0.0,,,,,,,,,,,,,,,False
La Verne,1,0.0,368.0,0.0,0.0,0.0,,,,,,,,,,,,,,,False
LaGrange,2,0.0,593.0,0.0,0.0,0.0,,,,,,,,,,,,,,,False
Lafayette,31,0.387,408.387,0.452,2.581,0.129,,,,,0.474,19.0,0.333,6.0,0.0,5.0,-14.0,102.7,116.7,67.0,False
Lamar,31,0.387,343.645,0.581,3.258,0.161,0.5,2.0,0.667,6.0,0.2,15.0,1.0,2.0,0.0,4.0,-5.2,106.0,111.2,66.4,False
Lancaster Bible College,1,0.0,458.0,0.0,0.0,0.0,,,,,,,,,,,,,,,False
Lane College,1,0.0,334.0,0.0,1.0,0.0,,,,,,,,,,,,,,,False
Lawrence University,1,0.0,438.0,0.0,2.0,0.0,,,,,,,,,,,,,,,False
Le Moyne,32,0.438,372.844,0.5,2.531,0.062,,,0.5,6.0,0.412,17.0,0.5,2.0,0.333,6.0,-11.3,103.3,114.7,69.3,False
LeTourneau,1,0.0,425.0,0.0,0.0,0.0,,,,,,,,,,,,,,,False
Lehigh,34,0.324,400.412,0.382,2.382,0.059,1.0,1.0,0.333,3.0,0.316,19.0,0.0,5.0,0.25,4.0,-8.1,105.4,113.5,67.1,True
Lehman College,1,0.0,405.0,1.0,1.0,0.0,,,,,,,,,,,,,,,False
Lewis & Clark,1,0.0,280.0,0.0,0.0,0.0,,,,,,,,,,,,,,,False
Liberty,32,0.656,324.25,0.5,3.5,0.281,1.0,5.0,0.727,11.0,0.455,11.0,0.0,1.0,0.0,1.0,8.1,118.6,110.5,64.8,False
Life Pacific,2,0.5,271.0,1.0,5.5,0.0,,,,,,,,,,,,,,,False
Lincoln University (CA),5,0.0,419.8,0.0,0.6,0.0,,,,,,,,,,,,,,,False
Lindenwood,33,0.697,296.424,0.515,3.576,0.242,1.0,3.0,0.667,6.0,0.647,17.0,1.0,1.0,0.333,3.0,-7.2,103.3,110.4,73.7,False
Lipscomb,32,0.375,354.719,0.625,3.188,0.156,0.5,8.0,0.4,5.0,0.273,11.0,0.5,2.0,0.0,4.0,-1.2,109.3,110.5,70.8,False
Little Rock,32,0.344,419.844,0.469,2.562,0.156,0.0,1.0,0.0,2.0,0.353,17.0,0.167,6.0,0.5,4.0,-10.0,104.4,114.4,68.6,False
Long Beach State,32,0.5,381.594,0.344,2.75,0.094,,,1.0,2.0,0.417,12.0,0.6,10.0,0.167,6.0,-8.2,105.1,113.3,71.3,False
Long Island University,34,0.588,367.235,0.559,3.029,0.088,0.4,5.0,0.615,13.0,0.727,11.0,1.0,1.0,0.25,4.0,-2.7,106.9,109.7,67.9,True
Longwood,31,0.613,329.806,0.419,3.323,0.194,0.6,5.0,0.667,3.0,0.643,14.0,1.0,1.0,0.2,5.0,-8.7,104.8,113.5,69.9,False
Louisiana,33,0.485,472.909,0.515,3.0,0.182,,,0.0,2.0,0.75,12.0,0.444,9.0,0.3,10.0,-15.2,99.9,115.1,64.2,False
Louisiana Christian,1,0.0,533.0,0.0,0.0,0.0,,,,,,,,,,,-6.4,105.4,111.8,75.2,False
Louisiana Tech,34,0.353,432.706,0.412,2.441,0.176,1.0,2.0,0.0,2.0,0.286,21.0,0.167,6.0,,,-2.2,105.3,107.5,65.5,False
Louisville,32,0.688,314.531,0.531,3.375,0.219,0.833,12.0,0.7,10.0,0.556,9.0,0.0,1.0,,,28.6,126.8,98.2,71.1,True
Lourdes University,1,0.0,276.0,1.0,4.0,0.0,,,,,,,,,,,,,,,False
Loyola Chicago,33,0.424,440.545,0.424,2.333,0.091,0.75,4.0,0.5,2.0,0.25,8.0,0.3,10.0,0.556,9.0,-6.5,105.9,112.4,65.8,False
Loyola Maryland,32,0.406,368.094,0.469,2.625,0.125,0.0,1.0,0.5,2.0,0.333,12.0,0.5,12.0,0.0,3.0,-13.0,105.0,117.9,68.8,False
Loyola Marymount,32,0.594,333.156,0.625,3.75,0.156,0.667,3.0,0.857,7.0,0.429,14.0,0.6,5.0,0.5,2.0,-1.2,107.3,108.5,68.9,False
Lynchburg,1,0.0,401.0,0.0,0.0,0.0,,,,,,,,,,,,,,,False
Lyon,1,0.0,590.0,0.0,0.0,0.0,,,,,,,,,,,,,,,False
MIT,1,0.0,476.0,1.0,4.0,0.0,,,,,,,,,,,,,,,False
Maine,32,0.375,430.688,0.469,2.562,0.094,,,0.5,2.0,0.438,16.0,0.333,6.0,0.286,7.0,-20.6,93.5,114.0,65.0,False
Maine-Augusta,1,0.0,391.0,1.0,2.0,0.0,,,,,,,,,,,,,,,False
Maine-Fort Kent,1,1.0,273.0,0.0,3.0,0.0,,,,,,,,,,,,,,,False
Manhattan,32,0.281,411.219,0.281,1.531,0.094,0.0,1.0,0.333,3.0,0.333,12.0,0.3,10.0,0.0,5.0,-14.9,105.2,120.1,68.4,False
Manhattan Christian,1,0.0,458.0,0.0,1.0,0.0,,,,,,,,,,,,,,,False
Manhattanville,1,0.0,766.0,0.0,0.0,0.0,,,,,,,,,,,-6.4,105.4,111.8,78.1,False
Manor College,2,0.0,645.0,0.0,0.0,0.0,,,,,,,,,,,,,,,False
Mansfield,1,0.0,593.0,0.0,0.0,0.0,,,,,,,,,,,,,,,False
Marist,31,0.548,405.839,0.323,2.419,0.065,0.667,3.0,0.5,12.0,0.462,13.0,1.0,1.0,1.0,1.0,-3.0,104.1,107.0,66.4,False
Marquette,32,0.469,369.344,0.531,2.844,0.094,1.0,5.0,0.5,4.0,0.462,13.0,0.333,6.0,0.0,4.0,11.4,114.2,102.8,70.1,False
Marshall,32,0.438,331.531,0.469,2.844,0.125,0.6,5.0,0.625,8.0,0.25,16.0,1.0,1.0,0.0,1.0,0.1,113.4,113.3,70.5,False
Mary Baldwin,2,0.0,543.5,0.5,1.5,0.0,,,,,,,,,,,,,,,False
Maryland,33,0.515,417.424,0.394,2.576,0.091,0.8,5.0,,,0.5,8.0,0.5,6.0,0.429,14.0,2.2,110.3,108.1,66.9,False
Maryland Eastern Shore,32,0.438,475.938,0.406,2.5,0.062,1.0,1.0,0.0,3.0,0.273,11.0,0.75,4.0,0.455,11.0,-20.4,95.9,116.3,65.3,False
Marywood,1,0.0,396.0,0.0,3.0,0.0,,,,,,,,,,,,,,,False
Massachusetts,33,0.727,331.03,0.515,4.0,0.212,0.8,5.0,0.714,7.0,0.625,16.0,1.0,2.0,1.0,2.0,-0.7,110.7,111.5,71.3,False
Massachusetts-Boston,1,0.0,784.0,0.0,0.0,0.0,,,,,,,,,,,-6.4,105.4,111.8,74.8,False
Mayville State,1,0.0,554.0,0.0,0.0,0.0,,,,,,,,,,,-6.4,105.4,111.8,80.7,False
McKendree,1,0.0,538.0,0.0,1.0,0.0,,,,,,,,,,,,,,,False
McMurry,1,0.0,617.0,0.0,2.0,0.0,,,,,,,,,,,,,,,False
McNeese,32,0.562,369.688,0.5,3.281,0.094,0.611,18.0,0.5,6.0,0.5,4.0,0.5,2.0,0.0,1.0,14.0,116.7,102.7,66.8,True
McPherson,1,0.0,283.0,0.0,0.0,0.0,,,,,,,,,,,,,,,False
Memphis,32,0.562,353.625,0.594,3.531,0.188,1.0,4.0,0.429,7.0,0.615,13.0,0.4,5.0,0.333,3.0,5.5,111.7,106.2,71.6,False
Menlo,1,0.0,469.0,0.0,0.0,0.0,,,,,,,,,,,,,,,False
Mercer,32,0.562,321.875,0.406,3.719,0.25,0.667,6.0,0.75,4.0,0.5,14.0,0.5,2.0,0.0,3.0,0.7,112.4,111.7,71.0,False
Merchant Marine Academy,1,0.0,471.0,0.0,0.0,0.0,,,,,,,,,,,,,,,False
Mercy,1,0.0,493.0,0.0,0.0,0.0,,,,,,,,,,,-6.4,105.4,111.8,77.5,False
Mercyhurst,34,0.5,377.529,0.353,2.588,0.118,,,0.667,6.0,0.611,18.0,0.0,1.0,0.0,7.0,-10.5,103.3,113.9,64.7,False
Merrimack,34,0.618,353.0,0.441,3.235,0.147,,,0.556,9.0,0.778,18.0,0.4,5.0,0.0,2.0,1.0,109.5,108.6,64.0,False
Miami,33,0.576,318.758,0.545,3.545,0.182,0.615,13.0,0.833,6.0,0.556,9.0,0.25,4.0,0.0,1.0,24.1,124.0,99.9,69.7,True
Miami (OH),30,0.733,288.9,0.6,3.7,0.3,0.778,9.0,0.5,10.0,1.0,8.0,0.0,1.0,,,8.9,117.1,108.2,71.7,False
Miami (OH)-Hamilton,1,0.0,279.0,0.0,0.0,0.0,,,,,,,,,,,,,,,False
Miami (OH)-Middletown,1,0.0,803.0,0.0,0.0,0.0,,,,,,,,,,,,,,,False
Michigan,34,0.618,306.912,0.706,4.206,0.324,0.652,23.0,0.5,4.0,0.571,7.0,,,,,44.9,133.2,88.3,72.1,True
Michigan State,31,0.452,385.032,0.548,2.935,0.161,0.6,15.0,0.6,5.0,0.222,9.0,0.0,1.0,0.0,1.0,32.0,126.6,94.6,66.9,True
Mid-America Christian,1,0.0,702.0,0.0,0.0,0.0,,,,,,,,,,,,,,,False
Mid-Atlantic Christian,6,0.0,435.833,0.333,2.0,0.0,,,,,,,,,,,,,,,False
Middle Tennessee,32,0.531,368.5,0.469,3.031,0.156,1.0,1.0,0.667,6.0,0.444,18.0,1.0,2.0,0.0,2.0,-1.2,109.5,110.7,67.2,False
Midway University,4,0.25,484.75,0.25,1.5,0.0,,,,,,,,,,,,,,,False
Midwestern State,1,1.0,394.0,1.0,2.0,0.0,,,,,,,,,,,-6.4,105.4,111.8,79.5,False
Milligan,2,0.0,672.0,0.0,0.5,0.0,,,,,,,,,,,-6.4,105.4,111.8,77.9,False
Millsaps,1,0.0,554.0,0.0,0.0,0.0,,,,,,,,,,,,,,,False
Milwaukee,32,0.281,382.844,0.375,2.656,0.156,0.0,1.0,0.0,4.0,0.294,17.0,0.5,4.0,0.2,5.0,-5.9,108.0,113.9,69.3,False
Minnesota,32,0.562,349.719,0.469,3.281,0.25,0.75,8.0,0.5,2.0,0.455,11.0,0.571,7.0,0.5,4.0,15.3,118.8,103.5,62.9,False
Minnesota Crookston,1,0.0,472.0,1.0,5.0,0.0,,,,,,,,,,,,,,,False
Misericordia,2,0.5,408.0,0.5,1.0,0.0,,,,,,,,,,,,,,,False
Mississippi State,31,0.645,333.387,0.484,3.065,0.194,0.8,5.0,0.0,1.0,0.636,11.0,0.636,11.0,0.667,3.0,9.6,114.7,105.1,71.7,False
Mississippi University For Women,1,0.0,522.0,0.0,0.0,0.0,,,,,,,,,,,,,,,False
Mississippi Valley State,33,0.333,457.545,0.364,2.424,0.152,0.0,1.0,,,,,0.4,5.0,0.308,26.0,-33.0,90.1,123.1,70.3,False
Missouri,32,0.562,332.469,0.438,3.219,0.188,0.889,9.0,0.5,2.0,0.429,14.0,0.6,5.0,0.0,2.0,17.3,121.2,103.9,68.8,True
Missouri Baptist,1,0.0,549.0,0.0,0.0,0.0,,,,,,,,,,,,,,,False
Missouri Southern State,1,1.0,263.0,1.0,4.0,0.0,,,,,,,,,,,-6.4,105.4,111.8,75.7,False
Missouri State,34,0.647,348.529,0.5,3.176,0.235,,,0.5,2.0,0.667,21.0,0.714,7.0,0.0,1.0,-1.6,110.3,111.9,66.9,False
Mitchell College,1,1.0,156.0,1.0,7.0,1.0,,,,,,,,,,,,,,,False
Mobile,1,0.0,558.0,0.0,2.0,0.0,,,,,,,,,,,,,,,False
Molloy,1,0.0,319.0,0.0,1.0,0.0,,,,,,,,,,,,,,,False
Monmouth,33,0.485,379.515,0.455,2.121,0.061,,,0.4,5.0,0.45,20.0,0.6,5.0,1.0,2.0,1.3,109.5,108.2,67.4,False
Montana,33,0.606,360.576,0.485,3.485,0.152,,,0.75,4.0,0.65,20.0,0.5,2.0,0.25,4.0,-4.0,106.4,110.4,71.3,False
Montana State,32,0.5,371.75,0.594,3.5,0.25,0.0,1.0,0.5,8.0,0.5,16.0,,,0.25,4.0,0.1,110.6,110.5,67.3,False
Montana Tech,1,1.0,338.0,1.0,5.0,0.0,,,,,,,,,,,,,,,False
Montana-Western,1,1.0,216.0,0.0,6.0,0.0,,,,,,,,,,,,,,,False
Morehead State,33,0.545,367.636,0.515,2.758,0.152,,,0.5,4.0,0.769,13.0,0.25,8.0,0.4,5.0,-11.7,105.2,116.9,67.2,False
Morehouse,1,1.0,243.0,0.0,2.0,0.0,,,,,,,,,,,,,,,False
Morgan State,30,0.467,404.367,0.4,2.6,0.1,,,0.5,2.0,0.364,11.0,0.429,7.0,0.429,7.0,-22.3,99.1,121.4,71.6,False
Morris College,1,0.0,569.0,0.0,0.0,0.0,,,,,,,,,,,,,,,False
Mount Marty College,2,0.0,444.0,0.5,1.0,0.0,,,,,,,,,,,,,,,False
Mount Olive,1,0.0,341.0,0.0,0.0,0.0,,,,,,,,,,,,,,,False
Mount Saint Mary (NY),1,0.0,798.0,0.0,1.0,0.0,,,,,,,,,,,,,,,False
Mount St. Mary's,32,0.375,408.125,0.438,2.875,0.156,,,0.4,5.0,0.368,19.0,0.0,3.0,0.5,4.0,-9.8,101.6,111.3,67.7,False
Murray State,31,0.419,350.968,0.613,2.871,0.161,0.625,8.0,0.333,9.0,0.385,13.0,,,0.0,1.0,5.7,115.9,110.2,72.1,False
NC State,32,0.656,335.062,0.531,3.562,0.219,0.7,10.0,0.667,12.0,0.8,5.0,0.4,5.0,,,25.4,126.7,101.3,69.1,False
NJIT,33,0.545,416.0,0.515,3.091,0.152,,,1.0,1.0,0.692,13.0,0.833,6.0,0.167,12.0,-18.0,97.1,115.1,68.4,False
Navy,32,0.656,377.094,0.5,3.344,0.188,0.8,5.0,0.615,13.0,0.75,8.0,0.5,2.0,0.0,2.0,1.8,110.5,108.7,65.2,False
Nebraska,32,0.656,357.781,0.5,2.875,0.188,0.692,13.0,0.667,3.0,0.538,13.0,1.0,2.0,1.0,1.0,27.0,122.7,95.7,67.0,True
Nevada,33,0.515,381.576,0.636,3.091,0.242,0.556,9.0,0.8,5.0,0.538,13.0,0.2,5.0,0.0,1.0,9.8,115.2,105.4,66.8,False
New College (FL),2,1.0,241.5,0.0,1.5,0.0,,,,,,,,,,,,,,,False
New Hampshire,30,0.3,438.0,0.433,2.533,0.1,,,0.0,1.0,0.308,13.0,0.333,6.0,0.125,8.0,-20.6,96.7,117.2,68.0,False
New Haven,31,0.484,421.323,0.419,2.323,0.097,,,0.5,2.0,0.615,13.0,0.167,6.0,0.429,7.0,-19.1,95.9,115.0,64.2,False
New Mexico,33,0.576,369.485,0.455,2.848,0.182,0.818,11.0,0.286,7.0,0.444,9.0,0.6,5.0,,,14.1,117.8,103.8,70.7,False
New Mexico Highlands,3,0.0,431.667,0.333,2.333,0.0,,,,,,,,,,,,,,,False
New Mexico State,31,0.548,356.903,0.548,3.452,0.161,0.0,2.0,0.5,6.0,0.611,18.0,0.0,2.0,,,-1.6,109.5,111.0,68.1,False
New Orleans,34,0.471,363.676,0.5,2.824,0.118,,,0.5,2.0,0.412,17.0,0.5,4.0,0.5,10.0,-5.1,107.4,112.4,70.1,False
Niagara,30,0.567,417.167,0.6,3.233,0.167,,,1.0,1.0,0.769,13.0,0.5,8.0,0.143,7.0,-18.5,99.2,117.6,63.2,False
Nicholls,33,0.485,374.242,0.485,3.091,0.242,,,0.5,2.0,0.684,19.0,0.2,5.0,0.0,6.0,-8.2,104.8,113.0,69.0,False
Nobel,7,0.0,544.857,0.0,0.286,0.0,,,,,,,,,,,,,,,False
Norfolk State,32,0.5,363.844,0.594,2.781,0.094,1.0,2.0,0.286,7.0,0.667,9.0,0.5,4.0,0.167,6.0,-15.2,101.8,117.0,70.2,False
North Alabama,30,0.433,409.467,0.533,2.667,0.167,,,0.333,3.0,0.5,10.0,0.5,8.0,0.143,7.0,-16.2,101.3,117.5,66.2,False
North Carolina,30,0.6,305.167,0.5,3.233,0.233,0.929,14.0,0.667,3.0,0.375,8.0,0.0,4.0,0.0,1.0,19.3,121.2,101.9,69.1,True
North Carolina A&T,30,0.533,360.133,0.5,2.733,0.033,,,0.0,1.0,0.5,10.0,0.545,11.0,0.5,6.0,-12.5,105.1,117.6,69.2,False
North Carolina Central,32,0.438,435.125,0.406,2.344,0.094,1.0,1.0,0.25,4.0,0.583,12.0,0.0,1.0,0.2,10.0,-19.7,100.8,120.4,68.2,False
North Central (MN),1,0.0,401.0,0.0,0.0,0.0,,,,,,,,,,,,,,,False
North Central College,1,0.0,218.0,1.0,2.0,0.0,,,,,,,,,,,,,,,False
North Dakota,34,0.588,337.5,0.559,2.941,0.118,1.0,1.0,1.0,1.0,0.417,12.0,0.667,6.0,0.636,11.0,-8.5,106.0,114.5,69.7,False
North Dakota State,34,0.647,318.118,0.529,3.059,0.176,0.5,8.0,0.667,9.0,0.667,12.0,0.5,2.0,,,5.6,114.4,108.8,68.5,True
North Florida,32,0.469,329.375,0.469,2.594,0.062,,,1.0,1.0,0.429,7.0,0.286,7.0,0.533,15.0,-13.9,107.8,121.7,72.8,False
North Greenville,2,0.0,598.5,0.5,1.5,0.0,,,,,,,,,,,,,,,False
North Texas,33,0.515,393.424,0.515,2.576,0.121,0.429,7.0,0.0,3.0,0.769,13.0,0.333,6.0,0.5,2.0,1.3,105.8,104.6,66.7,False
Northeastern,31,0.452,361.548,0.355,3.097,0.129,,,0.0,1.0,0.5,20.0,0.333,6.0,0.5,4.0,-10.2,107.2,117.4,69.9,False
Northeastern State,1,0.0,293.0,0.0,0.0,0.0,,,,,,,,,,,-6.4,105.4,111.8,67.7,False
Northern Arizona,32,0.531,395.281,0.5,2.688,0.125,,,0.0,1.0,0.636,11.0,0.4,10.0,0.429,7.0,-13.2,105.1,118.3,66.5,False
Northern Colorado,32,0.594,316.719,0.531,2.906,0.062,1.0,2.0,0.5,8.0,0.588,17.0,,,0.5,2.0,1.7,113.3,111.6,69.8,False
Northern Illinois,30,0.367,386.567,0.5,2.267,0.1,,,0.0,1.0,0.333,6.0,0.5,10.0,0.182,11.0,-19.5,95.0,114.5,69.8,False
Northern Iowa,35,0.686,381.429,0.657,3.486,0.257,1.0,5.0,0.636,11.0,0.562,16.0,1.0,1.0,1.0,1.0,11.0,112.9,101.9,63.6,True
Northern Kentucky,34,0.412,366.294,0.5,2.971,0.176,1.0,3.0,0.333,9.0,0.294,17.0,0.0,1.0,1.0,1.0,2.5,112.1,109.7,72.0,False
Northern New Mexico,1,0.0,483.0,0.0,0.0,0.0,,,,,,,,,,,,,,,False
Northern State,1,0.0,258.0,0.0,2.0,0.0,,,,,,,,,,,-6.4,105.4,111.8,74.2,False
Northwest Indian,2,0.0,464.5,0.5,1.0,0.0,,,,,,,,,,,,,,,False
Northwest University,1,0.0,839.0,0.0,0.0,0.0,,,,,,,,,,,-6.4,105.4,111.8,73.3,False
Northwestern,34,0.559,362.676,0.471,2.559,0.118,0.833,6.0,1.0,3.0,0.6,10.0,0.375,8.0,0.286,7.0,13.7,118.4,104.7,65.1,False
Northwestern Oklahoma State,1,0.0,815.0,0.0,0.0,0.0,,,,,,,,,,,-6.4,105.4,111.8,75.0,False
Northwestern State,31,0.387,455.452,0.161,1.806,0.0,,,,,0.308,13.0,0.625,8.0,0.143,7.0,-12.2,102.0,114.1,65.7,False
Northwood (MI),1,1.0,233.0,0.0,4.0,0.0,,,,,,,,,,,,,,,False
Notre Dame,31,0.484,390.097,0.484,2.903,0.129,0.857,7.0,0.667,3.0,0.375,8.0,0.375,8.0,0.2,5.0,5.0,113.4,108.4,66.8,False
Notre Dame (Md),3,0.0,388.333,0.667,1.667,0.0,,,,,,,,,,,-6.4,105.4,111.8,78.3,False
Oakland,32,0.5,314.25,0.656,2.75,0.094,0.5,2.0,0.429,7.0,0.625,16.0,0.0,1.0,0.2,5.0,3.1,115.6,112.5,71.9,False
Oakland City,2,0.0,512.5,0.0,0.5,0.0,,,,,,,,,,,,,,,False
Oakwood,3,0.0,495.0,0.0,0.333,0.0,,,,,,,,,,,,,,,False
Occidental,1,0.0,495.0,0.0,0.0,0.0,,,,,,,,,,,,,,,False
Oglethorpe,1,0.0,613.0,0.0,0.0,0.0,,,,,,,,,,,,,,,False
Ohio,32,0.531,378.531,0.562,2.75,0.156,1.0,3.0,0.333,6.0,0.667,15.0,0.0,4.0,0.0,2.0,-3.0,110.4,113.4,70.5,False
Ohio Christian,1,0.0,574.0,1.0,2.0,0.0,,,,,,,,,,,,,,,False
Ohio State,31,0.613,338.774,0.484,2.903,0.226,0.857,7.0,0.429,7.0,0.636,11.0,0.333,3.0,0.667,3.0,24.6,126.0,101.5,66.7,True
Ohio Wesleyan,2,0.0,465.5,0.0,0.0,0.0,,,,,,,,,,,,,,,False
Oklahoma,33,0.485,319.697,0.606,3.182,0.182,0.857,7.0,0.0,3.0,0.4,15.0,0.6,5.0,0.333,3.0,22.0,126.0,103.9,68.6,False
Oklahoma Christian,1,0.0,378.0,0.0,0.0,0.0,,,,,,,,,,,,,,,False
Oklahoma State,32,0.531,333.188,0.531,3.219,0.094,0.875,8.0,,,0.462,13.0,0.333,6.0,0.4,5.0,12.7,119.7,107.0,74.2,False
Old Dominion,33,0.455,388.909,0.667,3.364,0.212,0.667,3.0,0.0,2.0,0.385,13.0,0.75,8.0,0.167,6.0,-3.8,109.3,113.1,70.7,False
Old Westbury,1,0.0,917.0,0.0,0.0,0.0,,,,,,,,,,,,,,,False
Ole Miss,34,0.5,385.676,0.471,2.794,0.088,0.778,9.0,0.0,1.0,0.125,8.0,0.625,8.0,0.5,8.0,11.8,115.3,103.5,68.5,False
Olivet,1,0.0,595.0,0.0,0.0,0.0,,,,,,,,,,,,,,,False
Omaha,33,0.697,320.303,0.485,3.212,0.182,,,1.0,5.0,0.769,13.0,0.5,6.0,0.2,5.0,-7.1,106.8,113.9,68.7,False
Oral Roberts,33,0.364,377.061,0.485,2.848,0.212,,,0.5,2.0,0.444,9.0,0.364,11.0,0.125,8.0,-11.4,102.7,114.1,69.9,False
Oregon,32,0.406,401.625,0.688,3.031,0.125,0.714,7.0,0.0,1.0,0.385,13.0,0.2,5.0,0.333,6.0,9.9,114.0,104.1,66.7,False
Oregon State,33,0.394,390.121,0.485,2.667,0.121,1.0,1.0,0.6,5.0,0.438,16.0,0.2,5.0,0.167,6.0,-1.2,109.1,110.3,66.1,False
Ottawa (AZ),1,0.0,510.0,0.0,0.0,0.0,,,,,,,,,,,,,,,False
Our Lady Of The Lake,1,0.0,705.0,0.0,0.0,0.0,,,,,,,,,,,,,,,False
Ozark Christian,1,0.0,336.0,0.0,0.0,0.0,,,,,,,,,,,,,,,False
Pacific,33,0.576,378.455,0.394,2.879,0.091,0.667,3.0,0.714,7.0,0.5,12.0,0.4,5.0,0.5,4.0,5.0,112.3,107.3,65.7,False
Pacific Lutheran,1,0.0,234.0,0.0,1.0,0.0,,,,,,,,,,,,,,,False
Pacific Union,1,0.0,1020.0,0.0,0.0,0.0,,,,,,,,,,,,,,,False
Paine,1,0.0,1161.0,0.0,0.0,0.0,,,,,,,,,,,-6.4,105.4,111.8,63.8,False
Park University Gilbert,1,1.0,203.0,1.0,3.0,0.0,,,,,,,,,,,,,,,False
Paul Quinn,1,1.0,333.0,0.0,5.0,0.0,,,,,,,,,,,,,,,False
Paul Smith'S,1,0.0,564.0,0.0,0.0,0.0,,,,,,,,,,,,,,,False
Penn St Abington,2,0.0,361.5,0.0,0.0,0.0,,,,,,,,,,,,,,,False
Penn State,32,0.344,421.469,0.312,2.0,0.0,0.625,8.0,0.0,1.0,0.333,9.0,0.4,5.0,0.111,9.0,2.2,114.0,111.7,67.3,False
Penn State (Brandywine),2,0.0,584.0,0.0,0.0,0.0,,,,,,,,,,,,,,,False
Penn State Hazleton,1,0.0,291.0,1.0,3.0,0.0,,,,,,,,,,,,,,,False
Penn State-Behrend,1,1.0,221.0,1.0,3.0,0.0,,,,,,,,,,,,,,,False
Penn State-New Kensington,1,0.0,545.0,0.0,0.0,0.0,,,,,,,,,,,,,,,False
Penn State-Shenango,4,0.0,570.25,0.25,1.75,0.0,,,,,,,,,,,,,,,False
Penn State-York,1,0.0,641.0,1.0,2.0,0.0,,,,,,,,,,,-6.4,105.4,111.8,71.1,False
Pennsylvania,29,0.483,324.966,0.448,2.931,0.207,1.0,1.0,0.333,3.0,0.533,15.0,0.4,5.0,0.25,4.0,-2.1,106.4,108.5,69.6,True
Pensacola Christian College,1,0.0,811.0,0.0,0.0,0.0,,,,,,,,,,,,,,,False
Pepperdine,32,0.375,372.062,0.281,1.938,0.031,,,1.0,1.0,0.538,13.0,0.143,7.0,0.222,9.0,-10.7,103.7,114.5,68.8,False
Peru State,1,0.0,519.0,0.0,4.0,0.0,,,,,,,,,,,-6.4,105.4,111.8,66.8,False
Pfeiffer,2,0.0,537.5,0.0,0.0,0.0,,,,,,,,,,,,,,,False
Piedmont,1,0.0,512.0,1.0,3.0,0.0,,,,,,,,,,,,,,,False
Pittsburgh,33,0.515,403.152,0.394,2.879,0.182,0.667,6.0,0.0,1.0,0.5,12.0,0.667,9.0,0.2,5.0,10.3,115.4,105.1,64.8,False
Pittsburgh - Greensburg,1,0.0,437.0,0.0,0.0,0.0,,,,,,,,,,,,,,,False
Plattsburgh St,1,0.0,426.0,0.0,0.0,0.0,,,,,,,,,,,-6.4,105.4,111.8,74.5,False
Point University,1,0.0,501.0,0.0,0.0,0.0,,,,,,,,,,,-6.4,105.4,111.8,81.9,False
Portland,34,0.441,370.529,0.647,2.971,0.118,0.0,1.0,1.0,3.0,0.3,10.0,0.333,9.0,0.556,9.0,-5.8,106.0,111.7,70.7,False
Portland State,31,0.452,394.871,0.548,2.839,0.129,0.0,3.0,0.6,5.0,0.412,17.0,,,0.333,3.0,1.0,107.2,106.2,69.5,False
Prairie View A&M,35,0.486,313.114,0.4,2.571,0.171,0.0,1.0,0.5,2.0,0.438,16.0,0.75,4.0,0.375,8.0,-11.3,101.6,112.9,74.1,False
Presbyterian,33,0.424,405.515,0.394,2.455,0.121,0.0,1.0,1.0,2.0,0.357,14.0,0.375,8.0,0.4,5.0,-9.3,104.0,113.3,66.6,False
Princeton,29,0.448,392.483,0.483,2.793,0.138,,,1.0,1.0,0.4,15.0,0.444,9.0,0.333,3.0,-8.4,104.8,113.1,64.1,False
Principia College,1,0.0,813.0,0.0,0.0,0.0,,,,,,,,,,,,,,,False
Providence,33,0.515,347.818,0.394,2.758,0.121,1.0,5.0,0.667,3.0,0.389,18.0,0.667,3.0,0.25,4.0,12.1,119.7,107.6,72.2,False
Puget Sound,1,0.0,509.0,0.0,1.0,0.0,,,,,,,,,,,,,,,False
Purdue,35,0.771,291.086,0.6,3.857,0.171,0.706,17.0,0.778,9.0,0.889,9.0,,,,,37.9,136.0,98.1,65.5,True
Purdue Fort Wayne,32,0.469,385.25,0.469,2.656,0.062,1.0,2.0,0.333,3.0,0.5,16.0,0.0,3.0,0.2,5.0,-5.8,107.3,113.1,70.4,False
Queens University,34,0.471,337.618,0.5,3.0,0.176,0.833,6.0,0.6,10.0,0.4,10.0,0.0,1.0,0.0,6.0,2.9,118.1,115.3,70.8,True
Quinnipiac,32,0.531,341.75,0.438,2.938,0.094,0.5,6.0,0.556,9.0,0.545,11.0,0.5,2.0,0.333,3.0,-2.3,107.2,109.6,70.3,False
RIT,2,0.0,456.0,0.5,3.0,0.0,,,,,,,,,,,,,,,False
Radford,32,0.5,349.719,0.5,2.812,0.125,0.5,6.0,0.5,4.0,0.5,12.0,0.667,3.0,0.0,4.0,-6.8,106.9,113.7,72.3,False
Randolph College,1,0.0,558.0,0.0,0.0,0.0,,,,,,,,,,,,,,,False
Redlands,1,1.0,319.0,0.0,1.0,0.0,,,,,,,,,,,,,,,False
Regent,2,0.5,228.0,0.5,1.5,0.0,,,,,,,,,,,,,,,False
Regis,1,1.0,471.0,0.0,6.0,1.0,,,,,,,,,,,,,,,False
Regis (CO),1,0.0,715.0,0.0,0.0,0.0,,,,,,,,,,,,,,,False
Reinhardt,2,0.0,584.5,0.0,0.0,0.0,,,,,,,,,,,,,,,False
Rhode Island,32,0.625,353.156,0.562,3.094,0.188,0.714,7.0,1.0,2.0,0.529,17.0,0.667,6.0,,,2.8,107.9,105.1,66.3,False
Rhodes,2,0.0,321.5,0.5,1.0,0.0,,,,,,,,,,,,,,,False
Rice,31,0.484,359.613,0.355,2.613,0.161,0.5,2.0,1.0,1.0,0.429,14.0,0.571,7.0,0.2,5.0,-3.9,108.6,112.5,67.2,False
Richmond,32,0.5,352.75,0.5,2.812,0.219,0.8,5.0,0.4,5.0,0.5,12.0,0.5,6.0,0.0,3.0,1.2,113.0,111.8,68.7,False
Rider,29,0.345,436.759,0.483,2.138,0.034,,,1.0,1.0,0.333,6.0,0.4,10.0,0.182,11.0,-21.0,98.1,119.1,66.0,False
Ripon,1,1.0,258.0,0.0,1.0,0.0,,,,,,,,,,,,,,,False
Rivier,1,0.0,262.0,0.0,0.0,0.0,,,,,,,,,,,,,,,False
Robert Morris,32,0.625,342.656,0.594,3.094,0.094,0.667,3.0,0.667,6.0,0.611,18.0,1.0,2.0,0.0,2.0,3.4,114.0,110.6,65.9,False
Roberts Wesleyan,1,0.0,457.0,0.0,0.0,0.0,,,,,,,,,,,,,,,False
Rockford,1,0.0,702.0,0.0,1.0,0.0,,,,,,,,,,,,,,,False
Rosemont,1,0.0,775.0,0.0,0.0,0.0,,,,,,,,,,,,,,,False
Rowan,1,0.0,564.0,0.0,0.0,0.0,,,,,,,,,,,,,,,False
Rust,1,0.0,328.0,0.0,0.0,0.0,,,,,,,,,,,,,,,False
Rutgers,33,0.364,415.667,0.667,3.152,0.061,0.375,8.0,,,0.5,8.0,0.4,5.0,0.25,12.0,4.0,112.0,108.1,66.6,False
Rutgers-Camden,1,0.0,498.0,1.0,2.0,0.0,,,,,,,,,,,,,,,False
SE Louisiana,31,0.419,419.0,0.452,2.968,0.226,,,0.0,2.0,0.412,17.0,0.25,4.0,0.571,7.0,-13.0,99.8,112.8,65.8,False
SIU Edwardsville,32,0.5,389.125,0.562,3.375,0.125,1.0,2.0,0.571,7.0,0.4,15.0,0.5,4.0,0.0,1.0,-7.7,102.1,109.8,66.8,False
SMU,33,0.606,303.879,0.545,3.212,0.242,0.909,11.0,0.5,2.0,0.375,16.0,1.0,2.0,0.5,2.0,19.8,123.1,103.2,70.4,True
SUNY Cobleskill,1,0.0,688.0,0.0,0.0,0.0,,,,,,,,,,,,,,,False
SUNY Delhi,1,0.0,574.0,1.0,2.0,0.0,,,,,,,,,,,,,,,False
SUNY-Canton,1,0.0,378.0,1.0,6.0,0.0,,,,,,,,,,,,,,,False
SUNY-Maritime,2,0.5,373.0,0.0,1.5,0.0,,,,,,,,,,,,,,,False
SUNY-Oneonta,2,0.0,423.5,0.0,1.5,0.0,,,,,,,,,,,,,,,False
Sacramento State,31,0.452,396.871,0.355,1.645,0.065,,,1.0,1.0,0.3,10.0,0.3,10.0,0.714,7.0,-9.2,105.1,114.3,72.9,False
Sacred Heart,33,0.364,371.758,0.576,2.788,0.212,0.0,1.0,0.4,5.0,0.429,14.0,0.375,8.0,0.0,4.0,-7.2,110.2,117.4,68.5,False
Saint Elizabeth,1,0.0,548.0,0.0,0.0,0.0,,,,,,,,,,,,,,,False
Saint John's (MN),1,1.0,417.0,0.0,2.0,0.0,,,,,,,,,,,,,,,False
Saint Joseph's,33,0.697,336.152,0.515,3.273,0.212,1.0,4.0,0.8,5.0,0.667,12.0,0.333,6.0,0.75,4.0,4.9,110.4,105.5,68.4,False
Saint Joseph's Long Island,1,0.0,575.0,0.0,0.0,0.0,,,,,,,,,,,,,,,False
Saint Leo,1,0.0,395.0,0.0,0.0,0.0,,,,,,,,,,,-6.4,105.4,111.8,75.1,False
Saint Louis,33,0.667,316.273,0.636,3.333,0.273,0.706,17.0,0.7,10.0,0.4,5.0,,,,,21.3,123.0,101.7,72.0,True
Saint Mary of the Woods College,1,0.0,528.0,0.0,0.0,0.0,,,,,,,,,,,,,,,False
Saint Mary's,30,0.533,344.133,0.6,3.333,0.2,0.75,16.0,0.286,7.0,0.2,5.0,0.0,1.0,,,22.8,122.7,99.9,65.8,True
Saint Peter's,29,0.586,367.379,0.69,3.552,0.241,1.0,1.0,0.857,7.0,0.467,15.0,0.5,2.0,0.333,3.0,-5.8,105.0,110.8,65.8,False
Salish Kootenai,1,0.0,730.0,0.0,0.0,0.0,,,,,,,,,,,,,,,False
Salve Regina,1,0.0,307.0,1.0,5.0,0.0,,,,,,,,,,,,,,,False
Sam Houston,33,0.697,318.424,0.758,4.515,0.242,1.0,2.0,0.75,8.0,0.667,15.0,0.5,2.0,0.333,3.0,6.0,114.4,108.5,71.0,False
Samford,32,0.562,328.969,0.531,3.344,0.188,1.0,4.0,0.571,7.0,0.5,12.0,0.4,5.0,0.0,2.0,-0.5,112.2,112.6,68.6,False
San Diego,33,0.515,384.727,0.455,2.303,0.121,,,0.5,2.0,0.583,12.0,0.444,9.0,0.375,8.0,-6.4,110.1,116.5,69.3,False
San Diego State,33,0.515,379.485,0.485,2.576,0.03,0.778,9.0,0.429,7.0,0.308,13.0,0.5,2.0,1.0,1.0,14.5,114.4,100.0,72.1,False
San Francisco,32,0.531,398.75,0.5,3.219,0.156,0.571,7.0,0.375,8.0,0.667,9.0,0.667,3.0,0.25,4.0,5.6,114.4,108.7,67.1,False
San Francisco State,2,0.0,475.0,0.0,0.0,0.0,,,,,,,,,,,-6.4,105.4,111.8,77.9,False
San José State,33,0.212,407.788,0.424,1.818,0.061,,,0.6,5.0,0.0,3.0,0.143,7.0,0.118,17.0,-6.6,110.7,117.3,65.9,False
Santa Clara,34,0.735,320.676,0.824,4.382,0.176,0.692,13.0,0.778,9.0,0.875,8.0,0.5,2.0,0.0,1.0,19.9,123.9,104.0,70.4,True
Sarah Lawrence,1,0.0,761.0,0.0,0.0,0.0,,,,,,,,,,,,,,,False
Schreiner,1,0.0,725.0,0.0,0.0,0.0,,,,,,,,,,,,,,,False
Science & Arts (OK),1,1.0,247.0,0.0,2.0,0.0,,,,,,,,,,,,,,,False
Seattle U,33,0.697,349.909,0.576,3.091,0.242,0.8,5.0,0.889,9.0,0.6,10.0,0.0,2.0,0.6,5.0,2.8,105.6,102.8,69.3,False
Seton Hall,32,0.531,366.344,0.5,2.719,0.125,0.833,6.0,0.667,6.0,0.385,13.0,0.4,5.0,0.5,2.0,15.3,113.2,97.9,66.7,False
Shaw,1,1.0,277.0,0.0,2.0,0.0,,,,,,,,,,,,,,,False
Shenandoah,1,0.0,524.0,0.0,2.0,0.0,,,,,,,,,,,,,,,False
Siena,33,0.515,346.455,0.545,3.061,0.182,0.8,5.0,0.417,12.0,0.5,14.0,1.0,1.0,0.0,1.0,2.4,111.4,109.1,64.2,True
Siena Heights,2,0.0,707.5,0.0,0.0,0.0,,,,,,,,,,,,,,,False
Simpson College (IA),1,0.0,828.0,0.0,0.0,0.0,,,,,,,,,,,,,,,False
Simpson University (CA),1,0.0,439.0,0.0,0.0,0.0,,,,,,,,,,,,,,,False
South Alabama,31,0.71,343.516,0.516,3.71,0.194,0.667,3.0,1.0,3.0,0.706,17.0,0.5,6.0,,,-3.6,107.6,111.2,65.9,False
South Carolina,32,0.531,341.094,0.594,2.969,0.219,1.0,9.0,,,0.125,8.0,0.8,5.0,0.3,10.0,5.6,113.0,107.4,68.0,False
South Carolina State,32,0.5,411.688,0.344,2.656,0.094,,,,,0.556,9.0,1.0,5.0,0.25,16.0,-24.7,95.0,119.7,69.9,False
South Carolina Upstate,32,0.375,396.031,0.656,3.062,0.125,0.667,3.0,1.0,2.0,0.2,10.0,0.143,7.0,0.286,7.0,-12.7,100.5,113.1,70.4,False
South Dakota,32,0.438,346.219,0.406,2.438,0.156,1.0,1.0,0.333,3.0,0.462,13.0,0.25,4.0,0.25,8.0,-12.7,103.3,116.0,71.1,False
South Dakota State,32,0.438,351.875,0.469,2.25,0.031,0.4,5.0,0.625,8.0,0.4,10.0,0.667,3.0,0.0,3.0,-0.2,110.8,111.0,67.8,False
South Florida,31,0.581,307.065,0.613,3.548,0.161,0.7,10.0,0.444,9.0,0.6,10.0,,,0.0,1.0,17.5,120.3,102.8,73.8,True
Southeast Missouri State,33,0.485,385.485,0.364,2.848,0.182,0.333,3.0,0.375,8.0,0.5,16.0,,,0.333,3.0,-6.5,104.8,111.3,70.7,False
Southern,34,0.618,318.853,0.529,3.147,0.235,1.0,1.0,0.818,11.0,0.636,11.0,0.0,1.0,0.143,7.0,-10.6,104.8,115.4,72.6,False
Southern Arkansas,1,0.0,313.0,0.0,3.0,0.0,,,,,,,,,,,-6.4,105.4,111.8,77.5,False
Southern Illinois,32,0.469,402.281,0.5,2.219,0.062,0.333,3.0,0.667,6.0,0.214,14.0,0.833,6.0,0.5,2.0,2.8,106.9,104.0,69.7,False
Southern Indiana,28,0.571,387.071,0.536,2.679,0.214,0.0,1.0,1.0,1.0,0.8,10.0,0.556,9.0,0.167,6.0,-18.1,96.9,115.0,68.7,False
Southern Miss,34,0.441,372.265,0.5,2.706,0.088,0.333,3.0,0.0,2.0,0.579,19.0,0.0,4.0,0.4,5.0,-5.2,105.3,110.5,69.6,False
Southern Utah,32,0.531,350.25,0.438,2.5,0.125,,,,,0.714,7.0,0.5,14.0,0.25,8.0,-10.3,105.2,115.5,72.1,False
Southern Virginia,2,0.0,621.0,0.5,1.0,0.0,,,,,,,,,,,,,,,False
Southern Wesleyan,3,0.333,603.0,0.333,2.333,0.0,,,,,,,,,,,,,,,False
Southern-New Orleans,2,0.0,426.0,1.0,2.0,0.0,,,,,,,,,,,,,,,False
Southwestern Adventist,3,0.0,611.0,0.333,2.333,0.0,,,,,,,,,,,,,,,False
Southwestern Christian,3,0.0,491.333,0.0,0.333,0.0,,,,,,,,,,,-6.4,105.4,111.8,77.1,False
Spring Hill,1,0.0,504.0,0.0,0.0,0.0,,,,,,,,,,,,,,,False
Spurgeon College,1,0.0,297.0,1.0,2.0,0.0,,,,,,,,,,,,,,,False
St. Ambrose,1,1.0,257.0,0.0,0.0,0.0,,,,,,,,,,,,,,,False
St. Bonaventure,34,0.471,339.088,0.559,3.176,0.088,0.6,5.0,0.444,9.0,0.462,13.0,0.4,5.0,0.0,1.0,7.2,116.3,109.1,67.5,False
St. Francis (IL),1,0.0,524.0,0.0,0.0,0.0,,,,,,,,,,,-6.4,105.4,111.8,70.3,False
St. Francis (PA),31,0.387,391.226,0.355,2.387,0.065,0.5,2.0,,,0.571,7.0,0.364,11.0,0.111,9.0,-21.8,98.6,120.3,70.3,False
St. John Fisher,1,0.0,277.0,0.0,0.0,0.0,,,,,,,,,,,,,,,False
St. John's,34,0.618,295.147,0.647,4.059,0.353,0.667,15.0,1.0,8.0,0.3,10.0,0.0,1.0,,,28.6,123.9,95.3,71.2,True
St. Joseph's (NY),1,0.0,709.0,0.0,0.0,0.0,,,,,,,,,,,,,,,False
St. Mary's (MD),2,0.0,673.5,0.0,0.0,0.0,,,,,,,,,,,,,,,False
St. Scholastica,1,0.0,693.0,0.0,0.0,0.0,,,,,,,,,,,,,,,False
St. Thomas (TX),1,1.0,472.0,1.0,6.0,1.0,,,,,,,,,,,-6.4,105.4,111.8,70.0,False
St. Thomas-Minnesota,33,0.485,320.485,0.606,3.485,0.061,0.692,13.0,0.4,5.0,0.3,10.0,,,0.0,2.0,6.9,115.5,108.6,69.9,False
St. Xavier  (IL),1,0.0,604.0,0.0,0.0,0.0,,,,,,,,,,,,,,,False
Stanford,32,0.656,356.938,0.438,2.875,0.094,0.875,8.0,0.8,5.0,0.714,14.0,0.0,3.0,0.0,2.0,13.3,117.9,104.6,67.9,False
Stanton,2,0.0,368.5,0.0,0.0,0.0,,,,,,,,,,,,,,,False
Stephen F. Austin,33,0.697,322.242,0.697,4.424,0.424,0.833,6.0,0.583,12.0,0.667,12.0,,,1.0,1.0,7.5,114.2,106.8,66.8,False
Stetson,33,0.515,374.242,0.394,3.545,0.152,,,,,0.778,9.0,0.333,9.0,0.385,13.0,-11.1,106.0,117.1,68.2,False
Stonehill,32,0.438,450.031,0.531,2.875,0.219,,,0.5,2.0,0.353,17.0,0.6,5.0,0.333,6.0,-16.0,97.2,113.2,67.1,False
Stony Brook,32,0.5,354.312,0.594,3.406,0.188,1.0,1.0,0.5,2.0,0.438,16.0,0.5,6.0,0.25,4.0,-5.5,106.8,112.2,67.2,False
Syracuse,32,0.438,348.469,0.719,2.906,0.156,0.5,8.0,0.4,5.0,0.667,9.0,0.5,2.0,0.125,8.0,13.5,116.7,103.2,67.9,False
TCU,32,0.469,365.969,0.594,3.344,0.156,0.625,8.0,0.667,6.0,0.2,10.0,0.5,6.0,0.5,2.0,20.6,119.2,98.6,69.3,True
Tarleton State,32,0.469,378.781,0.656,2.875,0.062,0.5,2.0,1.0,1.0,0.438,16.0,0.333,3.0,0.333,6.0,-8.3,103.5,111.8,71.7,False
Temple,32,0.594,342.781,0.5,3.0,0.125,0.75,4.0,0.5,6.0,0.5,16.0,1.0,3.0,0.5,2.0,2.3,112.8,110.5,65.6,False
Tennessee,33,0.727,333.242,0.697,3.606,0.121,0.846,13.0,0.714,7.0,0.583,12.0,,,1.0,1.0,29.9,125.8,95.9,67.4,True
Tennessee Southern,1,0.0,548.0,0.0,0.0,0.0,,,,,,,,,,,-6.4,105.4,111.8,68.8,False
Tennessee State,32,0.594,373.312,0.438,3.125,0.062,1.0,1.0,0.75,8.0,0.5,14.0,1.0,2.0,0.25,4.0,-0.7,110.1,110.8,72.0,True
Tennessee Tech,31,0.387,431.516,0.548,2.355,0.065,,,1.0,2.0,0.375,16.0,0.333,6.0,0.0,4.0,-12.5,103.6,116.1,69.4,False
Tennessee Wesleyan,2,0.5,296.5,0.0,2.0,0.0,,,,,,,,,,,,,,,False
Texas,32,0.406,354.344,0.688,3.0,0.125,0.7,10.0,0.25,4.0,0.222,9.0,0.5,4.0,0.25,4.0,21.2,125.3,104.1,69.0,True
Texas A&M,31,0.645,300.419,0.581,3.742,0.258,0.778,9.0,0.5,4.0,0.667,12.0,0.4,5.0,1.0,1.0,19.3,121.4,102.1,72.9,True
Texas A&M-Corpus Christi,33,0.636,417.242,0.424,3.667,0.273,,,0.4,5.0,0.75,16.0,0.333,3.0,0.6,5.0,-2.5,105.5,108.0,68.3,False
Texas A&M-San Antonio,2,0.0,475.0,0.0,0.5,0.0,,,,,,,,,,,,,,,False
Texas Lutheran,2,0.0,477.5,0.0,1.5,0.0,,,,,,,,,,,-6.4,105.4,111.8,72.2,False
Texas Southern,30,0.467,358.9,0.6,3.033,0.133,0.5,2.0,0.5,2.0,0.533,15.0,0.25,4.0,0.2,5.0,-16.9,100.6,117.5,71.7,False
Texas State,32,0.688,358.938,0.625,3.0,0.125,1.0,1.0,0.8,5.0,0.667,18.0,0.5,4.0,0.5,2.0,-6.5,104.9,111.4,67.7,False
Texas Tech,32,0.625,280.125,0.656,4.0,0.281,0.727,11.0,0.571,7.0,0.556,9.0,0.6,5.0,,,22.0,123.6,101.6,68.0,True
The Citadel,33,0.455,401.879,0.364,2.152,0.152,,,0.0,1.0,0.667,6.0,0.5,8.0,0.333,15.0,-16.8,102.9,119.6,65.3,False
Thiel,1,0.0,506.0,0.0,0.0,0.0,,,,,,,,,,,,,,,False
Thomas (ME),1,0.0,922.0,1.0,2.0,0.0,,,,,,,,,,,-6.4,105.4,111.8,75.5,False
Tiffin,1,0.0,541.0,1.0,3.0,0.0,,,,,,,,,,,,,,,False
Toccoa Falls,4,0.25,369.0,0.25,2.5,0.0,,,,,,,,,,,,,,,False
Toledo,34,0.559,320.559,0.618,3.353,0.235,1.0,3.0,0.667,6.0,0.412,17.0,0.5,4.0,0.5,2.0,4.8,115.5,110.7,70.1,False
Tougaloo,1,0.0,625.0,0.0,2.0,0.0,,,,,,,,,,,,,,,False
Towson,34,0.412,401.088,0.471,3.176,0.235,0.5,2.0,0.545,11.0,0.267,15.0,0.5,2.0,0.0,2.0,0.7,107.8,107.0,64.9,False
Trinity (FL),1,0.0,490.0,0.0,0.0,0.0,,,,,,,,,,,,,,,False
Trinity (TX),1,1.0,301.0,0.0,3.0,1.0,,,,,,,,,,,,,,,False
Trinity Baptist,3,0.0,531.333,0.0,0.0,0.0,,,,,,,,,,,,,,,False
Troy,33,0.485,373.606,0.606,3.091,0.242,0.25,4.0,0.667,9.0,0.429,14.0,0.0,1.0,0.333,3.0,3.0,112.4,109.5,67.8,True
Truett-McConnell,1,0.0,454.0,0.0,0.0,0.0,,,,,,,,,,,,,,,False
Tulane,33,0.545,386.424,0.515,2.636,0.091,0.333,3.0,0.75,4.0,0.786,14.0,0.222,9.0,0.0,2.0,-3.4,107.4,110.8,68.2,False
Tulsa,32,0.625,298.219,0.625,3.625,0.219,0.833,6.0,0.833,12.0,0.273,11.0,,,0.0,1.0,15.1,122.2,107.1,69.2,False
Tusculum,2,0.0,408.0,0.0,0.5,0.0,,,,,,,,,,,,,,,False
UAB,31,0.387,362.161,0.548,2.742,0.065,0.333,6.0,0.571,7.0,0.357,14.0,0.0,3.0,,,4.0,111.0,107.0,70.4,False
UAlbany,32,0.469,368.812,0.375,3.125,0.188,,,0.333,3.0,0.583,12.0,0.333,6.0,0.25,8.0,-13.0,103.9,116.9,66.6,False
UC Davis,33,0.485,393.485,0.515,3.515,0.212,1.0,1.0,0.75,4.0,0.474,19.0,0.25,4.0,0.0,3.0,-6.6,105.5,112.1,71.9,False
UC Irvine,34,0.529,378.5,0.735,3.588,0.294,0.8,5.0,0.667,9.0,0.333,18.0,,,,,1.7,105.5,103.9,71.8,False
UC Merced,1,0.0,648.0,1.0,2.0,0.0,,,,,,,,,,,,,,,False
UC Riverside,31,0.387,396.645,0.516,2.774,0.097,,,1.0,1.0,0.5,8.0,0.444,9.0,0.091,11.0,-13.0,101.2,114.1,70.8,False
UC San Diego,34,0.588,356.382,0.5,2.912,0.147,0.667,6.0,0.556,9.0,0.6,15.0,0.0,2.0,,,1.3,108.5,107.2,69.8,False
UC Santa Barbara,32,0.531,389.344,0.531,2.562,0.156,1.0,3.0,0.667,9.0,0.353,17.0,0.0,1.0,,,4.3,115.1,110.8,67.3,False
UC Santa Cruz,2,0.0,624.5,0.0,0.0,0.0,,,,,,,,,,,,,,,False
UCF,32,0.406,350.438,0.625,3.156,0.156,0.5,6.0,0.6,5.0,0.357,14.0,0.0,1.0,0.333,6.0,13.9,119.6,105.6,70.5,True
UCLA,34,0.529,353.382,0.441,3.382,0.147,0.8,10.0,0.571,7.0,0.556,9.0,0.143,7.0,0.0,1.0,21.9,123.3,101.4,65.9,True
UConn,33,0.697,318.121,0.667,3.818,0.182,0.81,21.0,0.6,5.0,0.429,7.0,,,,,33.5,128.2,94.8,66.4,True
UIC,34,0.559,364.176,0.5,3.118,0.176,0.0,2.0,0.571,7.0,0.571,14.0,0.6,5.0,0.5,4.0,7.2,111.7,104.6,67.5,False
UL Monroe,32,0.281,386.25,0.219,1.594,0.062,,,0.0,1.0,0.0,2.0,0.333,9.0,0.222,18.0,-20.3,101.3,121.6,71.2,False
UMBC,32,0.594,354.062,0.594,3.469,0.219,1.0,5.0,0.625,8.0,0.636,11.0,0.0,1.0,0.0,4.0,-2.3,109.8,112.1,67.0,False
UMass Lowell,33,0.606,361.818,0.545,2.727,0.091,0.5,2.0,0.5,2.0,0.667,15.0,0.75,4.0,0.286,7.0,-13.4,104.5,117.8,69.4,False
UNC Asheville,32,0.625,326.438,0.656,3.5,0.188,1.0,2.0,0.6,5.0,0.727,11.0,0.4,5.0,0.333,6.0,-4.2,107.2,111.4,67.6,False
UNC Greensboro,33,0.576,347.455,0.606,3.061,0.212,,,0.75,4.0,0.667,12.0,0.4,10.0,0.4,5.0,-10.3,107.8,118.0,68.7,False
UNC Wilmington,32,0.656,332.969,0.594,3.188,0.281,0.556,9.0,0.667,9.0,0.667,12.0,,,,,5.0,113.5,108.6,67.0,False
UNLV,33,0.424,372.788,0.424,2.182,0.091,0.333,6.0,0.75,4.0,0.273,11.0,0.625,8.0,0.0,3.0,6.5,114.2,107.7,70.7,False
UNT Dallas,1,0.0,843.0,1.0,2.0,0.0,,,,,,,,,,,,,,,False
USC,32,0.656,335.062,0.719,3.406,0.156,0.75,8.0,0.75,4.0,0.625,8.0,0.667,9.0,0.0,2.0,8.2,112.1,104.0,71.1,False
UT Arlington,32,0.438,428.625,0.5,2.75,0.094,,,0.25,4.0,0.389,18.0,0.75,4.0,0.25,4.0,-4.0,103.0,107.1,68.3,False
UT Martin,32,0.562,369.0,0.625,2.875,0.156,0.8,5.0,0.333,6.0,0.429,14.0,1.0,1.0,0.667,3.0,-6.9,102.1,109.1,66.8,False
UT Permian Basin,1,0.0,525.0,0.0,0.0,0.0,,,,,,,,,,,,,,,False
UT Rio Grande Valley,33,0.455,366.909,0.606,3.697,0.212,0.0,1.0,0.4,5.0,0.5,18.0,0.333,3.0,0.25,4.0,3.3,112.3,109.0,67.5,False
UTEP,31,0.484,410.935,0.387,2.71,0.065,,,0.5,2.0,0.429,14.0,0.571,7.0,0.4,5.0,-7.8,103.4,111.2,66.9,False
UTSA,30,0.3,428.3,0.467,2.4,0.033,,,1.0,1.0,0.0,6.0,0.5,4.0,0.235,17.0,-15.9,102.1,118.0,70.5,False
Union (KY),1,0.0,577.0,0.0,0.0,0.0,,,,,,,,,,,,,,,False
University of Health Sciences & Pharmacy,1,0.0,413.0,0.0,0.0,0.0,,,,,,,,,,,,,,,False
University of The Southwest,1,0.0,680.0,0.0,0.0,0.0,,,,,,,,,,,,,,,False
Utah,31,0.452,330.129,0.516,2.806,0.065,0.857,7.0,1.0,1.0,0.5,6.0,0.25,4.0,0.231,13.0,2.9,112.5,109.7,68.2,False
Utah State,34,0.588,335.882,0.559,3.735,0.235,0.615,13.0,0.417,12.0,0.75,8.0,,,,,20.3,123.0,102.7,68.3,True
Utah Tech,34,0.5,359.382,0.353,2.676,0.088,,,0.5,2.0,0.6,15.0,0.429,7.0,0.143,7.0,-4.7,109.1,113.8,68.5,False
Utah Valley,32,0.594,348.938,0.562,3.594,0.25,0.6,10.0,0.636,11.0,0.571,7.0,0.0,1.0,0.0,1.0,5.9,112.2,106.2,69.9,False
VCU,34,0.676,311.235,0.559,2.971,0.147,0.615,13.0,0.8,10.0,0.667,9.0,1.0,1.0,0.0,1.0,17.6,120.4,102.8,69.8,True
VMI,32,0.312,383.469,0.406,2.562,0.094,0.0,1.0,0.0,1.0,0.167,6.0,0.222,9.0,0.333,12.0,-22.4,99.8,122.2,68.7,False
Valley Forge,1,0.0,674.0,0.0,0.0,0.0,,,,,,,,,,,,,,,False
Valparaiso,33,0.515,409.061,0.515,2.939,0.152,,,0.8,5.0,0.462,13.0,0.556,9.0,0.2,5.0,0.7,109.5,108.8,66.3,False
Vanderbilt,31,0.742,289.581,0.581,4.161,0.355,0.9,10.0,0.875,8.0,0.5,12.0,1.0,1.0,,,32.6,130.4,97.8,70.7,True
Vassar,1,0.0,352.0,1.0,2.0,0.0,,,,,,,,,,,,,,,False
Vermont,34,0.412,406.029,0.5,2.912,0.147,0.286,7.0,0.538,13.0,0.3,10.0,0.5,2.0,,,-4.5,109.0,113.5,64.7,False
Vermont State - Johnson,3,0.0,511.667,0.0,0.0,0.0,,,,,,,,,,,,,,,False
Vermont State - Lyndon,1,0.0,349.0,0.0,2.0,0.0,,,,,,,,,,,,,,,False
Villanova,32,0.656,329.156,0.656,3.469,0.125,0.909,11.0,0.667,6.0,0.545,11.0,0.0,2.0,0.5,2.0,20.4,121.8,101.4,66.5,True
Virginia,34,0.676,331.206,0.588,3.794,0.324,0.875,16.0,0.4,10.0,0.8,5.0,0.5,2.0,0.0,1.0,29.7,126.8,97.0,66.6,True
Virginia Tech,32,0.438,369.25,0.438,2.5,0.125,0.625,8.0,0.5,4.0,0.6,10.0,0.143,7.0,0.0,3.0,11.1,116.7,105.6,68.1,False
Virginia-Lynchburg,10,0.0,634.8,0.1,0.5,0.0,,,,,,,,,,,,,,,False
Voorhees,1,0.0,786.0,0.0,2.0,0.0,,,,,,,,,,,,,,,False
WVU Tech,1,0.0,317.0,0.0,0.0,0.0,,,,,,,,,,,,,,,False
Wagner,30,0.5,410.9,0.5,2.833,0.067,,,0.5,2.0,0.533,15.0,0.4,5.0,0.4,5.0,-11.4,103.0,114.4,66.2,False
Wake Forest,33,0.485,369.0,0.485,2.879,0.061,0.857,7.0,0.5,2.0,0.429,14.0,0.167,6.0,0.5,4.0,15.1,118.9,103.7,71.1,False
Warner Pacific,1,0.0,421.0,0.0,0.0,0.0,,,,,,,,,,,,,,,False
Warren Wilson,1,0.0,562.0,0.0,0.0,0.0,,,,,,,,,,,,,,,False
Washington,33,0.545,362.212,0.606,3.182,0.212,1.0,7.0,0.6,5.0,0.385,13.0,0.75,4.0,0.0,4.0,17.0,120.1,103.1,68.1,False
Washington Adventist,2,0.0,471.5,0.5,1.5,0.0,,,,,,,,,,,,,,,False
Washington College (MD),2,0.0,423.0,0.0,0.0,0.0,,,,,,,,,,,,,,,False
Washington State,32,0.469,369.375,0.469,3.312,0.25,0.5,2.0,0.5,6.0,0.727,11.0,0.25,8.0,0.25,4.0,2.6,113.9,111.3,69.0,False
Washington and Lee,1,0.0,525.0,0.0,0.0,0.0,,,,,,,,,,,,,,,False
Waynesburg,1,0.0,576.0,0.0,0.0,0.0,,,,,,,,,,,,,,,False
Weber State,32,0.438,356.0,0.312,2.719,0.188,1.0,1.0,0.6,5.0,0.25,16.0,0.75,4.0,0.25,4.0,-5.1,109.7,114.8,70.7,False
Webster,2,0.0,543.5,0.0,0.0,0.0,,,,,,,,,,,,,,,False
West Coast Baptist,2,0.0,669.0,0.0,0.0,0.0,,,,,,,,,,,,,,,False
West Georgia,32,0.469,352.906,0.344,2.375,0.125,,,0.5,2.0,0.6,15.0,0.167,6.0,0.286,7.0,-9.5,104.4,113.8,70.5,False
West Virginia,31,0.484,436.742,0.677,3.613,0.258,0.778,9.0,0.75,4.0,0.357,14.0,0.0,1.0,0.0,3.0,16.1,115.0,98.9,65.9,False
West Virginia Wesleyan,1,0.0,444.0,0.0,0.0,0.0,,,,,,,,,,,,,,,False
Western Carolina,31,0.484,376.355,0.613,3.194,0.258,1.0,1.0,0.4,5.0,0.538,13.0,0.4,5.0,0.2,5.0,-1.5,111.3,112.9,69.5,False
Western Illinois,31,0.29,443.516,0.484,2.226,0.097,,,,,0.6,5.0,0.25,12.0,0.182,11.0,-30.8,92.1,123.0,67.1,False
Western Kentucky,31,0.581,373.742,0.452,2.839,0.161,0.667,3.0,0.6,5.0,0.611,18.0,0.0,3.0,,,3.5,111.8,108.3,71.0,False
Western Michigan,31,0.323,411.032,0.452,2.29,0.065,,,0.5,2.0,0.4,10.0,0.429,7.0,0.1,10.0,-9.9,106.6,116.5,70.1,False
Western New England,1,1.0,236.0,1.0,7.0,0.0,,,,,,,,,,,,,,,False
Western New Mexico,1,0.0,342.0,1.0,1.0,0.0,,,,,,,,,,,-6.4,105.4,111.8,80.7,False
Westminster (UT),2,0.0,361.5,0.0,0.0,0.0,,,,,,,,,,,,,,,False
Whitman,1,0.0,639.0,0.0,0.0,0.0,,,,,,,,,,,,,,,False
Whittier,2,0.0,535.0,0.5,2.5,0.0,,,,,,,,,,,,,,,False
Wichita State,31,0.677,329.613,0.516,3.161,0.194,1.0,7.0,0.7,10.0,0.4,10.0,0.667,3.0,,,9.1,114.1,105.0,67.0,False
Widener,1,0.0,546.0,0.0,0.0,0.0,,,,,,,,,,,,,,,False
Willamette,1,1.0,349.0,1.0,3.0,0.0,,,,,,,,,,,,,,,False
William & Mary,32,0.562,327.938,0.375,2.75,0.188,0.75,4.0,0.5,8.0,0.385,13.0,1.0,3.0,0.5,2.0,0.5,111.0,110.4,73.6,False
William Carey,2,0.0,517.5,1.0,2.5,0.0,,,,,,,,,,,-6.4,105.4,111.8,72.6,False
William Peace,1,0.0,329.0,0.0,4.0,0.0,,,,,,,,,,,,,,,False
Williams Baptist,1,0.0,417.0,1.0,2.0,0.0,,,,,,,,,,,,,,,False
Wilmington (DE),1,0.0,336.0,1.0,2.0,0.0,,,,,,,,,,,-6.4,105.4,111.8,72.9,False
Wilson College,1,0.0,307.0,0.0,0.0,0.0,,,,,,,,,,,,,,,False
Winthrop,34,0.588,334.029,0.647,3.353,0.176,0.556,9.0,0.545,11.0,0.8,5.0,0.667,3.0,0.333,3.0,0.9,111.4,110.5,71.8,False
Wisconsin,33,0.576,335.576,0.576,3.364,0.242,0.727,11.0,0.5,4.0,0.417,12.0,0.667,3.0,0.667,3.0,23.7,126.9,103.2,68.8,True
Wofford,32,0.469,369.812,0.344,2.719,0.062,0.25,4.0,1.0,4.0,0.412,17.0,0.5,2.0,0.0,3.0,-2.7,111.1,113.8,68.2,False
Worcester State,2,0.0,458.0,0.0,0.5,0.0,,,,,,,,,,,-6.4,105.4,111.8,72.0,False
Wright State,34,0.765,298.706,0.676,3.824,0.176,0.6,5.0,0.889,9.0,0.733,15.0,1.0,1.0,0.5,2.0,3.6,113.0,109.4,69.0,True
Wyoming,32,0.75,322.75,0.594,3.344,0.25,1.0,8.0,0.75,4.0,0.583,12.0,1.0,4.0,0.333,3.0,6.7,116.4,109.7,67.7,False
Xavier,33,0.394,366.485,0.303,2.061,0.121,0.5,6.0,,,0.571,14.0,0.167,6.0,0.143,7.0,9.2,116.8,107.6,71.1,False
Yale,30,0.567,336.733,0.733,3.5,0.167,0.75,8.0,0.467,15.0,0.5,4.0,,,0.0,1.0,11.1,119.8,108.7,66.3,False
York College Nebraska,1,0.0,244.0,0.0,0.0,0.0,,,,,,,,,,,,,,,False
Youngstown State,32,0.625,349.031,0.531,3.281,0.281,0.667,3.0,0.857,7.0,0.5,16.0,0.0,1.0,0.5,2.0,-3.9,107.0,111.0,69.1,False
