game_id,team,foul_kind,shot_type,x,y,dist,season
1022500001,ATL,shooting,3pt,-2,243,24,2025_full
1022500001,ATL,shooting,3pt,213,213,30,2025_full
1022500001,WAS,and_one,at_rim,-29,18,3,2025_full
1022500001,ATL,and_one,at_rim,-21,17,3,2025_full
1022500001,WAS,shooting,3pt,-197,141,24,2025_full
1022500001,ATL,and_one,at_rim,-10,23,3,2025_full
1022500001,ATL,and_one,at_rim,-10,9,1,2025_full
1022500001,WAS,shooting,at_rim,-34,-17,4,2025_full
1022500001,ATL,and_one,midrange,-50,15,5,2025_full
1022500002,MIN,and_one,at_rim,-5,31,3,2025_full
1022500002,MIN,and_one,at_rim,-9,31,3,2025_full
1022500002,MIN,and_one,midrange,-37,45,6,2025_full
1022500002,MIN,and_one,at_rim,6,30,3,2025_full
1022500002,DAL,shooting,midrange,115,162,20,2025_full
1022500002,MIN,shooting,midrange,31,42,5,2025_full
1022500002,DAL,shooting,midrange,-60,165,18,2025_full
1022500003,GSV,shooting,3pt,-39,244,25,2025_full
1022500003,LAS,and_one,midrange,44,68,8,2025_full
1022500003,GSV,and_one,at_rim,0,-6,1,2025_full
1022500003,GSV,shooting,at_rim,0,-6,1,2025_full
1022500004,IND,and_one,at_rim,-17,5,2,2025_full
1022500004,IND,shooting,at_rim,-11,9,1,2025_full
1022500004,IND,shooting,midrange,-17,54,6,2025_full
1022500005,LVA,shooting,midrange,-42,40,6,2025_full
1022500005,LVA,and_one,at_rim,19,25,3,2025_full
1022500005,LVA,and_one,midrange,-12,47,5,2025_full
1022500005,NYL,and_one,at_rim,-24,9,3,2025_full
1022500005,NYL,and_one,midrange,-56,1,6,2025_full
1022500005,LVA,and_one,at_rim,-29,10,3,2025_full
1022500005,LVA,and_one,at_rim,-17,16,2,2025_full
1022500005,LVA,and_one,at_rim,32,27,4,2025_full
1022500005,NYL,and_one,at_rim,16,17,2,2025_full
1022500005,NYL,and_one,at_rim,16,17,2,2025_full
1022500005,NYL,and_one,midrange,43,104,11,2025_full
1022500005,LVA,shooting,at_rim,11,10,1,2025_full
1022500006,PHX,shooting,3pt,-154,194,25,2025_full
1022500006,SEA,shooting,at_rim,-31,28,4,2025_full
1022500006,PHX,and_one,at_rim,-41,5,4,2025_full
1022500006,SEA,and_one,at_rim,28,34,4,2025_full
1022500006,PHX,shooting,midrange,134,129,19,2025_full
1022500006,PHX,shooting,3pt,232,25,0,2025_full
1022500006,PHX,and_one,midrange,6,61,6,2025_full
1022500007,WAS,shooting,midrange,-138,18,14,2025_full
1022500007,WAS,and_one,at_rim,5,9,1,2025_full
1022500007,WAS,shooting,at_rim,5,9,1,2025_full
1022500007,WAS,and_one,at_rim,20,20,3,2025_full
1022500007,WAS,and_one,at_rim,-7,9,1,2025_full
1022500007,CON,and_one,at_rim,-6,11,1,2025_full
1022500007,CON,and_one,midrange,-62,33,7,2025_full
1022500007,CON,shooting,at_rim,17,20,3,2025_full
1022500007,WAS,shooting,at_rim,-9,12,2,2025_full
1022500007,WAS,and_one,at_rim,-3,11,1,2025_full
1022500007,CON,and_one,at_rim,9,15,2,2025_full
1022500007,WAS,and_one,at_rim,10,12,2,2025_full
1022500008,LAS,and_one,midrange,-24,40,5,2025_full
1022500008,MIN,and_one,midrange,-34,31,5,2025_full
1022500008,MIN,and_one,at_rim,-18,33,4,2025_full
1022500009,SEA,and_one,midrange,77,13,8,2025_full
1022500009,DAL,and_one,at_rim,7,40,4,2025_full
1022500009,DAL,and_one,at_rim,21,22,3,2025_full
1022500009,SEA,and_one,midrange,57,65,9,2025_full
1022500009,DAL,shooting,at_rim,22,25,3,2025_full
1022500009,DAL,shooting,midrange,-150,40,16,2025_full
1022500010,LVA,shooting,at_rim,-4,8,1,2025_full
1022500010,LVA,shooting,at_rim,-9,7,1,2025_full
1022500010,LVA,and_one,at_rim,-27,6,3,2025_full
1022500010,LVA,shooting,midrange,91,94,13,2025_full
1022500010,CON,shooting,3pt,-152,206,26,2025_full
1022500010,LVA,shooting,at_rim,18,17,2,2025_full
1022500010,CON,and_one,at_rim,8,2,1,2025_full
1022500011,ATL,and_one,at_rim,-3,33,3,2025_full
1022500011,ATL,shooting,at_rim,1,14,1,2025_full
1022500011,IND,and_one,at_rim,-5,11,1,2025_full
1022500011,IND,and_one,at_rim,0,-7,1,2025_full
1022500011,IND,and_one,at_rim,-6,13,1,2025_full
1022500011,ATL,shooting,3pt,190,205,28,2025_full
1022500012,DAL,and_one,midrange,70,173,19,2025_full
1022500012,MIN,shooting,3pt,203,120,24,2025_full
1022500012,DAL,shooting,at_rim,18,4,2,2025_full
1022500012,MIN,shooting,at_rim,18,6,2,2025_full
1022500012,DAL,and_one,at_rim,15,9,2,2025_full
1022500012,DAL,shooting,at_rim,15,9,2,2025_full
1022500013,WAS,and_one,midrange,15,56,6,2025_full
1022500013,WAS,and_one,at_rim,-24,32,4,2025_full
1022500013,WAS,shooting,midrange,54,102,12,2025_full
1022500013,GSV,and_one,midrange,4,61,6,2025_full
1022500013,WAS,and_one,midrange,32,34,5,2025_full
1022500013,WAS,shooting,midrange,50,71,9,2025_full
1022500013,GSV,and_one,3pt,-229,36,0,2025_full
1022500013,WAS,and_one,at_rim,41,-7,4,2025_full
1022500014,PHX,shooting,at_rim,-10,-3,1,2025_full
1022500014,LAS,and_one,at_rim,11,-2,1,2025_full
1022500014,LAS,shooting,at_rim,19,6,2,2025_full
1022500014,PHX,shooting,midrange,-40,61,7,2025_full
1022500014,LAS,shooting,3pt,-223,11,0,2025_full
1022500014,LAS,and_one,at_rim,0,-6,1,2025_full
1022500014,LAS,and_one,midrange,-44,38,6,2025_full
1022500014,LAS,shooting,at_rim,-8,16,2,2025_full
1022500014,PHX,shooting,3pt,-150,205,25,2025_full
1022500014,LAS,and_one,at_rim,-11,22,2,2025_full
1022500014,LAS,and_one,at_rim,-5,6,1,2025_full
1022500014,LAS,shooting,at_rim,-9,11,1,2025_full
1022500014,LAS,shooting,3pt,-217,151,26,2025_full
1022500015,ATL,shooting,3pt,-6,343,34,2025_full
1022500015,ATL,shooting,at_rim,-23,22,3,2025_full
1022500016,NYL,shooting,at_rim,17,18,2,2025_full
1022500016,NYL,shooting,at_rim,-20,2,2,2025_full
1022500016,CHI,and_one,at_rim,-10,8,1,2025_full
1022500016,CHI,shooting,at_rim,-22,15,3,2025_full
1022500016,NYL,and_one,at_rim,7,9,1,2025_full
1022500017,MIN,shooting,at_rim,16,23,3,2025_full
1022500017,CON,shooting,3pt,-2,244,24,2025_full
1022500017,MIN,and_one,at_rim,-24,1,2,2025_full
1022500017,MIN,and_one,midrange,-28,62,7,2025_full
1022500017,CON,and_one,at_rim,26,12,3,2025_full
1022500018,LVA,and_one,3pt,229,74,24,2025_full
1022500018,LVA,shooting,at_rim,37,22,4,2025_full
1022500018,WAS,and_one,midrange,41,24,5,2025_full
1022500019,GSV,and_one,midrange,9,61,6,2025_full
1022500019,LAS,shooting,3pt,235,27,24,2025_full
1022500019,LAS,and_one,at_rim,-23,10,3,2025_full
1022500019,LAS,shooting,at_rim,-6,6,1,2025_full
1022500020,SEA,and_one,at_rim,-44,7,4,2025_full
1022500020,SEA,and_one,midrange,40,68,8,2025_full
1022500020,PHX,and_one,at_rim,13,36,4,2025_full
1022500020,PHX,and_one,at_rim,-4,12,1,2025_full
1022500020,PHX,and_one,at_rim,-13,0,1,2025_full
1022500020,PHX,shooting,3pt,-12,241,24,2025_full
1022500020,SEA,shooting,midrange,1,56,6,2025_full
1022500021,NYL,and_one,at_rim,-8,1,1,2025_full
1022500021,IND,and_one,at_rim,-3,4,1,2025_full
1022500021,IND,and_one,at_rim,17,23,3,2025_full
1022500021,IND,shooting,at_rim,-5,7,1,2025_full
1022500021,NYL,and_one,at_rim,4,-6,1,2025_full
1022500021,IND,shooting,at_rim,-1,18,2,2025_full
1022500021,NYL,shooting,3pt,-215,153,26,2025_full
1022500021,IND,and_one,3pt,29,244,25,2025_full
1022500021,NYL,shooting,midrange,-53,133,14,2025_full
1022500021,NYL,shooting,midrange,-148,74,17,2025_full
1022500021,IND,shooting,at_rim,-4,-10,1,2025_full
1022500022,DAL,shooting,midrange,-26,161,16,2025_full
1022500022,DAL,and_one,3pt,112,220,25,2025_full
1022500022,ATL,and_one,at_rim,-1,9,1,2025_full
1022500022,ATL,shooting,3pt,212,106,24,2025_full
1022500022,DAL,shooting,midrange,-131,141,19,2025_full
1022500022,ATL,shooting,3pt,-154,190,24,2025_full
1022500023,ATL,and_one,midrange,-33,36,5,2025_full
1022500023,ATL,and_one,midrange,-10,123,12,2025_full
1022500023,CON,and_one,at_rim,11,22,2,2025_full
1022500023,CON,shooting,3pt,73,235,25,2025_full
1022500023,ATL,shooting,at_rim,1,13,1,2025_full
1022500023,ATL,and_one,at_rim,-24,29,4,2025_full
1022500023,CON,and_one,at_rim,-23,11,3,2025_full
1022500023,ATL,and_one,at_rim,1,22,2,2025_full
1022500024,LAS,shooting,3pt,-163,191,25,2025_full
1022500024,LAS,and_one,at_rim,8,13,2,2025_full
1022500024,LAS,shooting,3pt,235,15,24,2025_full
1022500024,LAS,shooting,at_rim,7,44,4,2025_full
1022500024,CHI,and_one,at_rim,-24,-9,3,2025_full
1022500024,CHI,shooting,at_rim,22,12,3,2025_full
1022500024,LAS,shooting,midrange,-2,58,6,2025_full
1022500025,WAS,shooting,at_rim,23,21,3,2025_full
1022500025,WAS,and_one,midrange,-30,113,12,2025_full
1022500025,PHX,and_one,at_rim,-25,26,4,2025_full
1022500025,PHX,shooting,at_rim,-25,26,4,2025_full
1022500026,LVA,and_one,midrange,-56,43,7,2025_full
1022500026,SEA,shooting,3pt,139,203,25,2025_full
1022500026,LVA,shooting,at_rim,-33,28,4,2025_full
1022500026,LVA,shooting,midrange,26,87,9,2025_full
1022500026,SEA,shooting,midrange,43,25,5,2025_full
1022500026,LVA,and_one,at_rim,-3,9,1,2025_full
1022500026,SEA,shooting,midrange,3,120,12,2025_full
1022500027,DAL,and_one,at_rim,17,24,3,2025_full
1022500027,CON,shooting,at_rim,-22,9,2,2025_full
1022500027,DAL,and_one,at_rim,-22,24,3,2025_full
1022500027,DAL,shooting,3pt,234,-5,0,2025_full
1022500027,CON,and_one,midrange,-128,7,13,2025_full
1022500027,CON,and_one,at_rim,28,20,3,2025_full
1022500027,DAL,shooting,at_rim,-7,32,3,2025_full
1022500027,DAL,shooting,midrange,38,48,6,2025_full
1022500027,CON,and_one,at_rim,26,-2,3,2025_full
1022500027,DAL,shooting,3pt,-205,150,25,2025_full
1022500027,DAL,shooting,at_rim,-1,20,2,2025_full
1022500027,CON,and_one,at_rim,1,25,3,2025_full
1022500028,NYL,shooting,midrange,-10,64,6,2025_full
1022500028,NYL,and_one,midrange,-40,27,5,2025_full
1022500028,GSV,and_one,at_rim,12,25,3,2025_full
1022500028,NYL,shooting,at_rim,23,22,3,2025_full
1022500028,NYL,shooting,at_rim,-32,18,4,2025_full
1022500028,GSV,and_one,at_rim,22,38,4,2025_full
1022500028,GSV,shooting,3pt,-119,247,27,2025_full
1022500028,NYL,shooting,at_rim,21,13,2,2025_full
1022500028,GSV,shooting,at_rim,-13,38,4,2025_full
1022500029,MIN,and_one,3pt,216,73,0,2025_full
1022500029,SEA,shooting,midrange,46,24,5,2025_full
1022500029,MIN,and_one,at_rim,16,11,2,2025_full
1022500029,SEA,and_one,at_rim,15,14,2,2025_full
1022500029,SEA,shooting,3pt,-155,181,24,2025_full
1022500030,ATL,and_one,midrange,-8,64,6,2025_full
1022500030,LAS,and_one,at_rim,-20,33,4,2025_full
1022500030,ATL,and_one,at_rim,-6,39,4,2025_full
1022500030,LAS,and_one,midrange,-47,34,6,2025_full
1022500030,LAS,and_one,midrange,-32,36,5,2025_full
1022500030,LAS,shooting,at_rim,20,34,4,2025_full
1022500030,LAS,shooting,3pt,94,262,28,2025_full
1022500031,CHI,and_one,at_rim,12,-3,1,2025_full
1022500031,PHX,and_one,midrange,70,157,17,2025_full
1022500031,PHX,shooting,at_rim,-7,39,4,2025_full
1022500031,CHI,and_one,at_rim,5,4,1,2025_full
1022500031,PHX,and_one,midrange,33,31,5,2025_full
1022500031,CHI,shooting,at_rim,32,21,4,2025_full
1022500032,IND,and_one,at_rim,-30,-7,3,2025_full
1022500032,WAS,and_one,at_rim,19,15,2,2025_full
1022500032,IND,shooting,midrange,-95,187,21,2025_full
1022500032,WAS,shooting,midrange,-17,177,18,2025_full
1022500032,IND,and_one,at_rim,29,2,3,2025_full
1022500032,WAS,and_one,at_rim,1,10,1,2025_full
1022500033,NYL,shooting,midrange,-58,23,6,2025_full
1022500033,NYL,and_one,midrange,-69,7,7,2025_full
1022500033,GSV,shooting,midrange,151,132,20,2025_full
1022500033,NYL,shooting,3pt,15,248,25,2025_full
1022500033,NYL,and_one,at_rim,21,17,3,2025_full
1022500033,GSV,and_one,midrange,-72,36,8,2025_full
1022500033,NYL,and_one,midrange,24,74,8,2025_full
1022500033,GSV,and_one,midrange,-47,75,9,2025_full
1022500034,CHI,shooting,at_rim,23,16,3,2025_full
1022500034,DAL,and_one,midrange,37,26,5,2025_full
1022500034,DAL,shooting,at_rim,-6,10,1,2025_full
1022500034,CHI,shooting,midrange,-38,49,6,2025_full
1022500034,CHI,shooting,midrange,28,54,6,2025_full
1022500034,DAL,shooting,at_rim,21,13,2,2025_full
1022500034,CHI,shooting,midrange,-38,65,8,2025_full
1022500034,DAL,shooting,3pt,-123,213,25,2025_full
1022500035,CON,shooting,at_rim,-36,5,4,2025_full
1022500035,CON,shooting,at_rim,20,17,3,2025_full
1022500035,CON,and_one,at_rim,21,12,2,2025_full
1022500035,CON,and_one,midrange,39,106,11,2025_full
1022500035,IND,shooting,midrange,65,181,19,2025_full
1022500035,CON,and_one,at_rim,18,17,2,2025_full
1022500036,NYL,shooting,3pt,200,138,24,2025_full
1022500036,WAS,shooting,at_rim,-21,1,2,2025_full
1022500036,WAS,and_one,at_rim,-11,9,1,2025_full
1022500036,NYL,shooting,at_rim,26,15,3,2025_full
1022500036,NYL,and_one,midrange,73,113,13,2025_full
1022500036,WAS,and_one,at_rim,-24,25,3,2025_full
1022500036,NYL,shooting,3pt,-11,299,30,2025_full
1022500037,LVA,shooting,at_rim,26,25,4,2025_full
1022500037,LAS,and_one,midrange,45,31,5,2025_full
1022500037,LVA,and_one,3pt,-233,1,0,2025_full
1022500037,LVA,shooting,midrange,-54,26,6,2025_full
1022500037,LAS,shooting,3pt,230,9,0,2025_full
1022500037,LVA,and_one,at_rim,-26,10,3,2025_full
1022500037,LVA,and_one,at_rim,-16,6,2,2025_full
1022500038,MIN,shooting,midrange,-23,111,11,2025_full
1022500038,MIN,shooting,3pt,-155,189,24,2025_full
1022500038,MIN,shooting,3pt,174,170,24,2025_full
1022500038,MIN,shooting,at_rim,7,6,1,2025_full
1022500039,SEA,and_one,at_rim,-11,14,2,2025_full
1022500039,SEA,and_one,midrange,13,97,10,2025_full
1022500039,ATL,shooting,3pt,117,253,28,2025_full
1022500039,SEA,and_one,at_rim,-18,6,2,2025_full
1022500039,ATL,and_one,midrange,69,67,10,2025_full
1022500039,ATL,and_one,midrange,38,86,9,2025_full
1022500039,SEA,and_one,at_rim,-29,-3,3,2025_full
1022500039,ATL,and_one,midrange,38,28,5,2025_full
1022500039,ATL,and_one,midrange,90,142,17,2025_full
1022500039,ATL,and_one,midrange,-33,68,8,2025_full
1022500039,ATL,and_one,at_rim,34,13,4,2025_full
1022500039,ATL,and_one,midrange,-44,50,7,2025_full
1022500039,ATL,shooting,3pt,147,212,26,2025_full
1022500039,SEA,shooting,midrange,40,108,12,2025_full
1022500040,DAL,and_one,at_rim,-33,29,4,2025_full
1022500040,CHI,shooting,midrange,26,40,5,2025_full
1022500040,CHI,shooting,3pt,-163,246,30,2025_full
1022500040,DAL,and_one,at_rim,0,-6,1,2025_full
1022500040,CHI,and_one,midrange,-6,47,5,2025_full
1022500040,DAL,and_one,midrange,1,97,10,2025_full
1022500040,DAL,shooting,3pt,230,18,0,2025_full
1022500041,CON,shooting,3pt,1,237,24,2025_full
1022500041,NYL,and_one,at_rim,-33,4,3,2025_full
1022500041,CON,and_one,at_rim,-23,27,4,2025_full
1022500042,PHX,shooting,3pt,210,94,0,2025_full
1022500042,LAS,and_one,at_rim,26,26,4,2025_full
1022500042,LAS,and_one,at_rim,0,-6,1,2025_full
1022500042,PHX,shooting,midrange,-46,82,9,2025_full
1022500042,LAS,shooting,at_rim,16,19,2,2025_full
1022500042,PHX,and_one,at_rim,4,9,1,2025_full
1022500042,LAS,and_one,midrange,-5,65,7,2025_full
1022500042,LAS,and_one,at_rim,0,-6,1,2025_full
1022500042,LAS,shooting,3pt,-1,243,24,2025_full
1022500043,LVA,and_one,midrange,5,80,8,2025_full
1022500043,LVA,and_one,midrange,-88,71,11,2025_full
1022500043,SEA,and_one,midrange,-43,63,8,2025_full
1022500043,LVA,and_one,midrange,27,84,9,2025_full
1022500043,SEA,shooting,at_rim,-28,15,3,2025_full
1022500043,LVA,shooting,3pt,190,159,25,2025_full
1022500043,LVA,and_one,midrange,27,54,6,2025_full
1022500044,GSV,and_one,midrange,45,38,6,2025_full
1022500044,MIN,and_one,midrange,-26,123,13,2025_full
1022500044,MIN,shooting,at_rim,-16,29,3,2025_full
1022500044,GSV,shooting,3pt,128,242,27,2025_full
1022500044,MIN,shooting,at_rim,26,16,3,2025_full
1022500044,MIN,and_one,3pt,-87,228,24,2025_full
1022500044,MIN,and_one,midrange,41,61,7,2025_full
1022500044,MIN,and_one,midrange,-93,25,10,2025_full
1022500045,WAS,shooting,at_rim,-28,11,3,2025_full
1022500045,WAS,and_one,midrange,1,60,6,2025_full
1022500045,IND,shooting,3pt,233,-6,0,2025_full
1022500045,WAS,and_one,at_rim,21,24,3,2025_full
1022500045,IND,and_one,at_rim,18,10,2,2025_full
1022500046,PHX,shooting,3pt,168,167,24,2025_full
1022500046,PHX,and_one,at_rim,2,15,2,2025_full
1022500046,MIN,and_one,midrange,36,53,6,2025_full
1022500047,SEA,and_one,at_rim,24,8,3,2025_full
1022500047,DAL,and_one,midrange,70,25,7,2025_full
1022500047,DAL,shooting,midrange,57,15,6,2025_full
1022500047,SEA,shooting,midrange,50,-3,5,2025_full
1022500047,SEA,and_one,at_rim,-11,1,1,2025_full
1022500047,DAL,and_one,at_rim,19,22,3,2025_full
1022500047,DAL,shooting,at_rim,23,4,2,2025_full
1022500048,WAS,and_one,at_rim,-27,-5,3,2025_full
1022500048,NYL,shooting,3pt,-112,248,27,2025_full
1022500048,WAS,and_one,at_rim,-39,21,4,2025_full
1022500048,NYL,and_one,at_rim,26,25,4,2025_full
1022500048,WAS,and_one,at_rim,-11,17,2,2025_full
1022500048,WAS,and_one,at_rim,17,4,2,2025_full
1022500048,NYL,and_one,at_rim,23,-4,2,2025_full
1022500048,WAS,shooting,midrange,-16,93,9,2025_full
1022500049,GSV,and_one,3pt,236,60,24,2025_full
1022500049,GSV,and_one,at_rim,-26,10,3,2025_full
1022500049,PHX,shooting,at_rim,-4,28,3,2025_full
1022500049,GSV,and_one,midrange,21,40,5,2025_full
1022500049,PHX,shooting,3pt,81,229,24,2025_full
1022500049,PHX,shooting,midrange,-106,156,19,2025_full
1022500049,GSV,shooting,midrange,10,113,11,2025_full
1022500049,PHX,and_one,at_rim,7,27,3,2025_full
1022500049,GSV,shooting,3pt,-97,230,25,2025_full
1022500049,PHX,and_one,midrange,28,39,5,2025_full
1022500050,ATL,shooting,at_rim,-5,4,1,2025_full
1022500050,CON,shooting,midrange,-77,126,15,2025_full
1022500050,CON,shooting,midrange,40,36,5,2025_full
1022500050,ATL,and_one,at_rim,31,20,4,2025_full
1022500050,ATL,shooting,3pt,229,39,0,2025_full
1022500050,CON,shooting,at_rim,15,4,2,2025_full
1022500050,ATL,shooting,midrange,166,99,19,2025_full
1022500051,LAS,and_one,at_rim,4,0,0,2025_full
1022500051,DAL,and_one,at_rim,4,28,3,2025_full
1022500051,DAL,and_one,at_rim,-15,29,3,2025_full
1022500051,LAS,and_one,at_rim,-11,2,1,2025_full
1022500051,LAS,and_one,midrange,-5,45,5,2025_full
1022500051,LAS,shooting,at_rim,15,29,3,2025_full
1022500051,LAS,and_one,midrange,57,95,11,2025_full
1022500051,LAS,and_one,at_rim,-1,39,4,2025_full
1022500051,DAL,and_one,at_rim,-17,-1,2,2025_full
1022500052,GSV,shooting,at_rim,0,-6,1,2025_full
1022500052,LVA,shooting,3pt,-218,92,24,2025_full
1022500052,GSV,and_one,at_rim,-26,35,4,2025_full
1022500052,LVA,and_one,midrange,6,50,5,2025_full
1022500052,GSV,shooting,at_rim,-10,14,2,2025_full
1022500053,IND,shooting,midrange,50,205,21,2025_full
1022500053,CHI,shooting,at_rim,18,16,2,2025_full
1022500053,IND,and_one,at_rim,6,15,2,2025_full
1022500053,IND,and_one,at_rim,10,15,2,2025_full
1022500053,IND,shooting,at_rim,10,15,2,2025_full
1022500053,IND,and_one,3pt,-147,209,26,2025_full
1022500053,CHI,and_one,at_rim,13,15,2,2025_full
1022500053,IND,and_one,at_rim,15,17,2,2025_full
1022500054,PHX,and_one,at_rim,9,16,2,2025_full
1022500054,SEA,and_one,at_rim,8,8,1,2025_full
1022500054,SEA,shooting,at_rim,10,12,2,2025_full
1022500054,PHX,shooting,midrange,-1,94,9,2025_full
1022500055,CON,and_one,at_rim,22,19,3,2025_full
1022500055,WAS,and_one,at_rim,-18,5,2,2025_full
1022500055,CON,and_one,midrange,-1,68,7,2025_full
1022500055,WAS,shooting,3pt,213,155,26,2025_full
1022500055,WAS,and_one,at_rim,0,23,2,2025_full
1022500055,WAS,and_one,at_rim,16,-14,2,2025_full
1022500055,CON,shooting,midrange,99,121,16,2025_full
1022500055,WAS,and_one,midrange,77,5,8,2025_full
1022500055,CON,shooting,midrange,63,8,6,2025_full
1022500055,WAS,shooting,3pt,144,213,26,2025_full
1022500055,WAS,shooting,3pt,-198,157,25,2025_full
1022500055,WAS,and_one,midrange,12,51,5,2025_full
1022500056,MIN,and_one,3pt,223,1,0,2025_full
1022500056,DAL,and_one,midrange,20,139,14,2025_full
1022500056,DAL,shooting,at_rim,22,17,3,2025_full
1022500056,DAL,shooting,midrange,-135,140,19,2025_full
1022500056,DAL,shooting,3pt,-13,262,26,2025_full
1022500056,DAL,and_one,at_rim,24,25,3,2025_full
1022500057,GSV,shooting,midrange,-22,50,5,2025_full
1022500057,GSV,and_one,midrange,39,37,5,2025_full
1022500057,GSV,and_one,at_rim,0,-6,1,2025_full
1022500057,LAS,shooting,midrange,-30,58,7,2025_full
1022500057,LAS,and_one,at_rim,35,23,4,2025_full
1022500058,ATL,shooting,at_rim,-15,16,2,2025_full
1022500058,ATL,and_one,at_rim,-10,11,1,2025_full
1022500058,ATL,and_one,at_rim,11,20,2,2025_full
1022500058,IND,shooting,midrange,7,106,11,2025_full
1022500058,ATL,shooting,at_rim,-5,39,4,2025_full
1022500059,NYL,and_one,at_rim,31,6,3,2025_full
1022500059,NYL,and_one,midrange,68,39,8,2025_full
1022500059,NYL,and_one,midrange,-1,76,8,2025_full
1022500059,CHI,and_one,midrange,45,24,5,2025_full
1022500059,CHI,and_one,midrange,44,79,9,2025_full
1022500059,CHI,and_one,at_rim,-29,15,3,2025_full
1022500060,LVA,shooting,midrange,-51,47,7,2025_full
1022500060,LAS,and_one,midrange,46,29,5,2025_full
1022500060,LVA,and_one,midrange,82,35,9,2025_full
1022500060,LVA,and_one,at_rim,-42,9,4,2025_full
1022500060,LVA,and_one,midrange,38,28,5,2025_full
1022500060,LVA,shooting,midrange,-101,-28,10,2025_full
1022500060,LAS,and_one,midrange,-12,51,5,2025_full
1022500060,LVA,and_one,midrange,72,9,7,2025_full
1022500060,LAS,shooting,midrange,-53,30,6,2025_full
1022500060,LVA,shooting,midrange,49,11,5,2025_full
1022500061,PHX,and_one,at_rim,20,15,3,2025_full
1022500061,DAL,and_one,at_rim,6,33,3,2025_full
1022500061,DAL,and_one,at_rim,7,35,4,2025_full
1022500062,MIN,and_one,midrange,12,72,7,2025_full
1022500062,SEA,shooting,midrange,1,187,19,2025_full
1022500062,SEA,and_one,midrange,-49,17,5,2025_full
1022500062,MIN,and_one,at_rim,22,-1,2,2025_full
1022500062,SEA,and_one,at_rim,-22,3,2,2025_full
1022500063,ATL,and_one,at_rim,1,38,4,2025_full
1022500063,CHI,and_one,at_rim,-8,12,1,2025_full
1022500063,ATL,and_one,at_rim,10,11,1,2025_full
1022500063,CHI,and_one,at_rim,7,34,3,2025_full
1022500063,ATL,shooting,3pt,-152,184,24,2025_full
1022500063,CHI,shooting,3pt,-66,232,24,2025_full
1022500063,CHI,shooting,at_rim,0,22,2,2025_full
1022500063,ATL,shooting,at_rim,-1,2,0,2025_full
1022500063,ATL,and_one,at_rim,7,11,1,2025_full
1022500063,CHI,and_one,at_rim,4,13,1,2025_full
1022500063,ATL,shooting,3pt,-232,10,0,2025_full
1022500064,LVA,shooting,3pt,156,199,25,2025_full
1022500064,LVA,and_one,at_rim,26,27,4,2025_full
1022500065,MIN,shooting,3pt,197,119,0,2025_full
1022500065,LAS,and_one,at_rim,-12,24,3,2025_full
1022500065,LAS,shooting,midrange,-55,70,9,2025_full
1022500065,LAS,and_one,at_rim,22,2,2,2025_full
1022500066,NYL,and_one,at_rim,0,0,0,2025_full
1022500066,IND,and_one,at_rim,-1,0,0,2025_full
1022500066,IND,and_one,at_rim,-3,-2,0,2025_full
1022500066,NYL,shooting,3pt,-240,-16,24,2025_full
1022500066,IND,and_one,at_rim,-2,-3,0,2025_full
1022500066,IND,shooting,3pt,-112,228,25,2025_full
1022500066,NYL,shooting,3pt,210,153,26,2025_full
1022500066,IND,and_one,at_rim,3,9,1,2025_full
1022500067,SEA,shooting,3pt,-230,38,0,2025_full
1022500067,SEA,shooting,3pt,-212,130,25,2025_full
1022500067,SEA,and_one,midrange,7,56,6,2025_full
1022500068,CHI,shooting,3pt,-73,239,25,2025_full
1022500068,CHI,shooting,midrange,111,68,13,2025_full
1022500068,CHI,and_one,at_rim,9,31,3,2025_full
1022500068,CHI,and_one,at_rim,0,-6,1,2025_full
1022500069,ATL,and_one,midrange,-11,142,14,2025_full
1022500069,WAS,shooting,midrange,-76,24,8,2025_full
1022500069,WAS,and_one,midrange,56,44,7,2025_full
1022500069,WAS,and_one,at_rim,-35,27,4,2025_full
1022500069,ATL,shooting,midrange,-51,19,5,2025_full
1022500069,WAS,and_one,at_rim,-39,0,4,2025_full
1022500069,WAS,shooting,midrange,72,77,11,2025_full
1022500069,ATL,and_one,at_rim,-12,22,3,2025_full
1022500069,ATL,shooting,3pt,193,162,25,2025_full
1022500070,PHX,and_one,midrange,35,43,6,2025_full
1022500070,PHX,and_one,3pt,100,227,25,2025_full
1022500070,PHX,shooting,3pt,100,227,25,2025_full
1022500070,LVA,and_one,midrange,19,90,9,2025_full
1022500071,CON,shooting,at_rim,0,2,0,2025_full
1022500071,CON,shooting,at_rim,0,11,1,2025_full
1022500071,CON,shooting,at_rim,-1,14,1,2025_full
1022500072,NYL,and_one,midrange,65,47,8,2025_full
1022500072,NYL,shooting,at_rim,26,9,3,2025_full
1022500072,NYL,and_one,midrange,45,18,5,2025_full
1022500073,WAS,shooting,midrange,-134,1,13,2025_full
1022500073,CHI,and_one,at_rim,4,39,4,2025_full
1022500073,CHI,and_one,at_rim,-12,10,2,2025_full
1022500073,CHI,and_one,at_rim,0,-6,1,2025_full
1022500073,WAS,and_one,midrange,8,56,6,2025_full
1022500074,GSV,shooting,3pt,184,152,24,2025_full
1022500074,DAL,shooting,3pt,-178,184,26,2025_full
1022500074,DAL,shooting,midrange,-65,21,7,2025_full
1022500074,GSV,and_one,at_rim,-11,41,4,2025_full
1022500074,DAL,and_one,at_rim,35,6,4,2025_full
1022500075,MIN,and_one,midrange,-1,101,10,2025_full
1022500075,MIN,shooting,at_rim,0,0,0,2025_full
1022500075,MIN,shooting,3pt,-140,212,25,2025_full
1022500075,LVA,and_one,at_rim,17,26,3,2025_full
1022500075,LVA,shooting,midrange,-150,71,17,2025_full
1022500075,MIN,and_one,at_rim,-15,18,2,2025_full
1022500075,MIN,shooting,at_rim,-16,-6,2,2025_full
1022500075,MIN,shooting,midrange,-6,47,5,2025_full
1022500075,MIN,and_one,at_rim,12,21,2,2025_full
1022500076,LAS,shooting,at_rim,-1,8,1,2025_full
1022500076,LAS,and_one,at_rim,-12,8,1,2025_full
1022500076,SEA,and_one,at_rim,-4,19,2,2025_full
1022500076,LAS,shooting,at_rim,17,18,2,2025_full
1022500076,SEA,and_one,at_rim,15,30,3,2025_full
1022500077,PHX,shooting,3pt,182,141,0,2025_full
1022500077,CON,shooting,3pt,-195,125,0,2025_full
1022500077,PHX,shooting,midrange,22,79,8,2025_full
1022500077,CON,shooting,midrange,163,45,17,2025_full
1022500077,PHX,and_one,midrange,68,28,7,2025_full
1022500077,PHX,shooting,midrange,-12,65,7,2025_full
1022500078,NYL,shooting,3pt,201,146,25,2025_full
1022500078,PHX,shooting,midrange,37,42,6,2025_full
1022500078,PHX,and_one,midrange,46,10,5,2025_full
1022500078,NYL,shooting,midrange,-6,63,6,2025_full
1022500078,NYL,and_one,midrange,55,27,6,2025_full
1022500078,NYL,and_one,at_rim,-24,0,2,2025_full
1022500078,PHX,shooting,3pt,-178,203,27,2025_full
1022500078,PHX,and_one,at_rim,-20,23,3,2025_full
1022500078,NYL,and_one,at_rim,17,5,2,2025_full
1022500078,PHX,and_one,at_rim,24,24,3,2025_full
1022500078,PHX,shooting,3pt,-193,228,30,2025_full
1022500078,NYL,and_one,at_rim,-26,17,3,2025_full
1022500079,GSV,shooting,midrange,-42,66,8,2025_full
1022500079,IND,and_one,midrange,43,39,6,2025_full
1022500079,GSV,shooting,at_rim,-19,28,3,2025_full
1022500079,GSV,and_one,at_rim,5,39,4,2025_full
1022500080,WAS,and_one,at_rim,-27,9,3,2025_full
1022500080,WAS,shooting,midrange,42,119,13,2025_full
1022500080,WAS,shooting,at_rim,22,28,4,2025_full
1022500080,ATL,and_one,at_rim,11,13,2,2025_full
1022500080,ATL,shooting,3pt,-101,220,24,2025_full
1022500080,WAS,shooting,at_rim,6,33,3,2025_full
1022500080,WAS,and_one,midrange,4,45,5,2025_full
1022500080,ATL,shooting,midrange,40,34,5,2025_full
1022500080,WAS,shooting,at_rim,0,19,2,2025_full
1022500081,CON,shooting,midrange,-44,26,5,2025_full
1022500081,DAL,and_one,midrange,-15,72,7,2025_full
1022500081,CON,shooting,3pt,-143,439,46,2025_full
1022500081,CON,shooting,at_rim,0,-6,1,2025_full
1022500081,DAL,shooting,at_rim,6,4,1,2025_full
1022500081,DAL,and_one,at_rim,26,22,3,2025_full
1022500081,DAL,shooting,at_rim,23,11,3,2025_full
1022500081,CON,shooting,at_rim,10,3,1,2025_full
1022500081,CON,and_one,at_rim,0,-6,1,2025_full
1022500081,CON,shooting,at_rim,6,1,1,2025_full
1022500081,DAL,shooting,3pt,-152,201,25,2025_full
1022500082,LVA,shooting,midrange,-11,126,13,2025_full
1022500082,LVA,shooting,at_rim,36,19,4,2025_full
1022500082,LVA,and_one,at_rim,-6,40,4,2025_full
1022500082,SEA,shooting,3pt,-235,46,24,2025_full
1022500082,SEA,shooting,3pt,-238,47,24,2025_full
1022500083,PHX,shooting,3pt,-155,223,27,2025_full
1022500083,CHI,and_one,midrange,-120,136,18,2025_full
1022500083,PHX,and_one,at_rim,5,-7,1,2025_full
1022500083,PHX,and_one,midrange,23,123,13,2025_full
1022500083,CHI,shooting,midrange,-122,113,17,2025_full
1022500083,PHX,and_one,at_rim,-15,1,2,2025_full
1022500083,CHI,shooting,3pt,-149,197,25,2025_full
1022500083,CHI,shooting,3pt,-128,228,26,2025_full
1022500084,MIN,and_one,midrange,-17,95,10,2025_full
1022500084,LAS,and_one,at_rim,-1,11,1,2025_full
1022500084,LAS,and_one,at_rim,16,-9,2,2025_full
1022500084,MIN,and_one,at_rim,38,23,4,2025_full
1022500085,ATL,shooting,3pt,191,141,24,2025_full
1022500085,CHI,and_one,midrange,39,27,5,2025_full
1022500085,ATL,and_one,at_rim,-16,7,2,2025_full
1022500085,CHI,shooting,midrange,-39,78,9,2025_full
1022500085,ATL,and_one,at_rim,-8,9,1,2025_full
1022500085,CHI,shooting,at_rim,-11,23,3,2025_full
1022500085,ATL,shooting,at_rim,22,21,3,2025_full
1022500086,WAS,and_one,at_rim,-42,-7,4,2025_full
1022500086,DAL,shooting,midrange,-13,172,17,2025_full
1022500086,WAS,shooting,at_rim,-38,0,4,2025_full
1022500086,DAL,and_one,midrange,-35,102,11,2025_full
1022500086,DAL,and_one,midrange,113,98,15,2025_full
1022500086,WAS,and_one,at_rim,-31,7,3,2025_full
1022500086,WAS,and_one,at_rim,18,14,2,2025_full
1022500086,WAS,and_one,at_rim,-7,42,4,2025_full
1022500086,WAS,shooting,midrange,46,4,5,2025_full
1022500086,WAS,shooting,at_rim,-13,17,2,2025_full
1022500087,LVA,shooting,midrange,-37,74,8,2025_full
1022500087,LVA,and_one,at_rim,35,9,4,2025_full
1022500087,IND,and_one,midrange,-45,19,5,2025_full
1022500087,LVA,and_one,midrange,56,13,6,2025_full
1022500087,LVA,and_one,at_rim,-22,20,3,2025_full
1022500087,IND,shooting,at_rim,24,30,4,2025_full
1022500088,SEA,and_one,at_rim,-22,7,2,2025_full
1022500088,NYL,shooting,midrange,40,31,5,2025_full
1022500088,SEA,shooting,at_rim,0,-6,1,2025_full
1022500088,NYL,and_one,at_rim,21,1,2,2025_full
1022500088,SEA,and_one,midrange,39,206,21,2025_full
1022500089,CON,shooting,midrange,42,99,11,2025_full
1022500089,CON,and_one,at_rim,23,29,4,2025_full
1022500089,GSV,and_one,at_rim,23,31,4,2025_full
1022500089,GSV,and_one,midrange,49,28,6,2025_full
1022500089,CON,shooting,midrange,11,44,5,2025_full
1022500089,GSV,and_one,at_rim,0,-6,1,2025_full
1022500089,CON,shooting,midrange,-57,60,8,2025_full
1022500089,CON,and_one,midrange,34,41,5,2025_full
1022500089,GSV,and_one,at_rim,18,21,3,2025_full
1022500090,MIN,and_one,midrange,50,11,5,2025_full
1022500090,MIN,and_one,at_rim,-23,-3,2,2025_full
1022500090,WAS,shooting,at_rim,27,15,3,2025_full
1022500090,WAS,and_one,at_rim,-35,27,4,2025_full
1022500090,WAS,and_one,at_rim,-29,8,3,2025_full
1022500090,WAS,shooting,midrange,-4,78,8,2025_full
1022500090,MIN,and_one,midrange,11,48,5,2025_full
1022500091,LAS,and_one,midrange,5,163,16,2025_full
1022500091,CHI,and_one,at_rim,-12,4,1,2025_full
1022500091,LAS,shooting,at_rim,-13,38,4,2025_full
1022500091,LAS,and_one,at_rim,12,12,2,2025_full
1022500091,CHI,and_one,at_rim,0,3,0,2025_full
1022500091,LAS,shooting,3pt,65,232,24,2025_full
1022500091,LAS,shooting,3pt,-61,231,24,2025_full
1022500091,CHI,and_one,midrange,66,8,7,2025_full
1022500091,CHI,shooting,at_rim,5,17,2,2025_full
1022500091,LAS,and_one,at_rim,11,-2,1,2025_full
1022500091,CHI,and_one,at_rim,0,-6,1,2025_full
1022500091,LAS,shooting,at_rim,15,0,2,2025_full
1022500091,CHI,shooting,at_rim,11,7,1,2025_full
1022500091,CHI,shooting,at_rim,-6,-1,1,2025_full
1022500091,CHI,shooting,3pt,162,176,24,2025_full
1022500092,DAL,shooting,at_rim,-1,36,4,2025_full
1022500092,DAL,shooting,3pt,-163,185,25,2025_full
1022500092,ATL,shooting,midrange,8,162,16,2025_full
1022500092,DAL,shooting,midrange,22,119,12,2025_full
1022500092,DAL,shooting,at_rim,-15,11,2,2025_full
1022500092,ATL,shooting,midrange,0,92,9,2025_full
1022500092,ATL,shooting,3pt,79,260,27,2025_full
1022500093,SEA,and_one,at_rim,-23,0,2,2025_full
1022500093,SEA,and_one,at_rim,9,-5,1,2025_full
1022500093,SEA,and_one,midrange,21,47,5,2025_full
1022500093,IND,and_one,at_rim,22,7,2,2025_full
1022500093,IND,shooting,midrange,7,58,6,2025_full
1022500093,IND,and_one,at_rim,-36,-1,4,2025_full
1022500093,SEA,shooting,midrange,26,130,13,2025_full
1022500093,SEA,shooting,3pt,4,253,25,2025_full
1022500094,NYL,and_one,at_rim,17,29,3,2025_full
1022500094,GSV,shooting,midrange,-26,116,12,2025_full
1022500094,GSV,and_one,midrange,46,54,7,2025_full
1022500094,GSV,and_one,midrange,62,22,7,2025_full
1022500094,NYL,shooting,3pt,-152,201,25,2025_full
1022500095,LVA,shooting,3pt,-85,224,24,2025_full
1022500095,CON,shooting,midrange,-73,47,9,2025_full
1022500095,LVA,and_one,at_rim,29,4,3,2025_full
1022500095,LVA,and_one,midrange,-34,30,5,2025_full
1022500095,LVA,and_one,at_rim,34,25,4,2025_full
1022500096,LAS,and_one,midrange,21,68,7,2025_full
1022500096,IND,shooting,3pt,-178,197,27,2025_full
1022500096,LAS,and_one,at_rim,31,16,3,2025_full
1022500096,LAS,and_one,at_rim,36,15,4,2025_full
1022500096,IND,and_one,at_rim,-20,6,2,2025_full
1022500096,LAS,and_one,at_rim,22,14,3,2025_full
1022500096,LAS,shooting,at_rim,31,8,3,2025_full
1022500096,IND,and_one,midrange,-43,54,7,2025_full
1022500096,LAS,shooting,midrange,-56,64,9,2025_full
1022500096,LAS,and_one,at_rim,36,7,4,2025_full
1022500096,LAS,and_one,at_rim,12,9,2,2025_full
1022500097,WAS,and_one,midrange,-70,25,7,2025_full
1022500097,WAS,and_one,midrange,-36,45,6,2025_full
1022500097,WAS,shooting,3pt,236,-2,24,2025_full
1022500097,LVA,and_one,midrange,-37,64,7,2025_full
1022500097,WAS,shooting,at_rim,26,16,3,2025_full
1022500098,ATL,shooting,3pt,-130,199,24,2025_full
1022500098,ATL,and_one,at_rim,11,27,3,2025_full
1022500099,IND,and_one,at_rim,6,13,1,2025_full
1022500099,DAL,and_one,midrange,-29,65,7,2025_full
1022500099,IND,and_one,at_rim,8,12,1,2025_full
1022500099,DAL,and_one,at_rim,16,12,2,2025_full
1022500099,DAL,shooting,at_rim,16,12,2,2025_full
1022500099,DAL,shooting,midrange,7,52,5,2025_full
1022500099,IND,and_one,midrange,-11,131,13,2025_full
1022500099,DAL,and_one,at_rim,6,21,2,2025_full
1022500099,DAL,and_one,at_rim,-21,25,3,2025_full
1022500099,DAL,and_one,at_rim,16,13,2,2025_full
1022500099,DAL,shooting,at_rim,17,13,2,2025_full
1022500099,DAL,and_one,at_rim,6,13,1,2025_full
1022500099,DAL,and_one,at_rim,17,13,2,2025_full
1022500099,IND,and_one,at_rim,-8,15,2,2025_full
1022500099,DAL,and_one,midrange,-27,131,13,2025_full
1022500099,IND,and_one,at_rim,-2,9,1,2025_full
1022500099,IND,and_one,midrange,5,83,8,2025_full
1022500100,GSV,and_one,at_rim,-19,26,3,2025_full
1022500100,GSV,and_one,midrange,45,55,7,2025_full
1022500100,GSV,shooting,midrange,-1,70,7,2025_full
1022500100,CHI,shooting,3pt,202,145,25,2025_full
1022500100,GSV,shooting,at_rim,29,12,3,2025_full
1022500100,CHI,and_one,midrange,-108,47,12,2025_full
1022500100,CHI,shooting,midrange,-108,47,12,2025_full
1022500101,NYL,and_one,midrange,31,50,6,2025_full
1022500101,PHX,shooting,3pt,111,207,0,2025_full
1022500101,PHX,and_one,midrange,-154,48,16,2025_full
1022500101,PHX,shooting,midrange,-33,44,6,2025_full
1022500101,PHX,and_one,midrange,35,32,5,2025_full
1022500101,NYL,shooting,midrange,-53,31,6,2025_full
1022500101,NYL,shooting,at_rim,0,43,4,2025_full
1022500102,SEA,shooting,midrange,9,97,10,2025_full
1022500102,CON,and_one,at_rim,22,6,2,2025_full
1022500102,CON,and_one,at_rim,23,0,2,2025_full
1022500102,SEA,and_one,midrange,41,101,11,2025_full
1022500102,SEA,and_one,midrange,-43,74,9,2025_full
1022500102,CON,and_one,midrange,-171,27,17,2025_full
1022500103,DAL,and_one,midrange,-12,78,8,2025_full
1022500103,DAL,and_one,at_rim,13,30,3,2025_full
1022500103,WAS,and_one,midrange,9,113,11,2025_full
1022500103,WAS,shooting,midrange,9,113,11,2025_full
1022500103,WAS,shooting,midrange,-42,60,7,2025_full
1022500103,WAS,and_one,at_rim,8,24,3,2025_full
1022500103,DAL,and_one,at_rim,16,4,2,2025_full
1022500103,DAL,shooting,midrange,5,45,5,2025_full
1022500103,DAL,and_one,at_rim,-7,7,1,2025_full
1022500104,ATL,and_one,at_rim,12,6,1,2025_full
1022500104,ATL,and_one,at_rim,-6,9,1,2025_full
1022500104,NYL,shooting,3pt,0,242,24,2025_full
1022500104,ATL,and_one,at_rim,15,15,2,2025_full
1022500104,ATL,shooting,3pt,-233,-15,0,2025_full
1022500104,NYL,and_one,at_rim,6,4,1,2025_full
1022500104,ATL,and_one,at_rim,0,-6,1,2025_full
1022500104,NYL,shooting,midrange,-22,55,6,2025_full
1022500104,ATL,and_one,at_rim,-6,36,4,2025_full
1022500104,NYL,and_one,at_rim,-2,9,1,2025_full
1022500105,LAS,and_one,at_rim,24,17,3,2025_full
1022500105,CHI,and_one,3pt,-184,165,25,2025_full
1022500105,LAS,shooting,at_rim,29,25,4,2025_full
1022500105,CHI,and_one,at_rim,8,3,1,2025_full
1022500105,LAS,and_one,at_rim,-4,17,2,2025_full
1022500105,CHI,and_one,at_rim,15,24,3,2025_full
1022500105,LAS,and_one,at_rim,0,12,1,2025_full
1022500106,LVA,shooting,3pt,-78,235,25,2025_full
1022500106,LVA,shooting,midrange,-146,60,16,2025_full
1022500106,LVA,and_one,midrange,-34,64,7,2025_full
1022500106,LVA,shooting,midrange,-34,64,7,2025_full
1022500106,PHX,and_one,at_rim,-26,30,4,2025_full
1022500106,LVA,shooting,3pt,-1,248,25,2025_full
1022500106,PHX,and_one,at_rim,-7,39,4,2025_full
1022500107,MIN,shooting,at_rim,6,7,1,2025_full
1022500107,MIN,shooting,3pt,-62,255,26,2025_full
1022500107,MIN,and_one,at_rim,17,-2,2,2025_full
1022500107,MIN,and_one,at_rim,-16,17,2,2025_full
1022500107,MIN,and_one,midrange,110,0,11,2025_full
1022500107,CON,and_one,at_rim,13,2,1,2025_full
1022500107,CON,and_one,at_rim,33,21,4,2025_full
1022500107,MIN,shooting,3pt,227,98,25,2025_full
1022500107,MIN,shooting,at_rim,8,3,1,2025_full
1022500108,GSV,and_one,at_rim,-16,18,2,2025_full
1022500108,GSV,and_one,midrange,-42,45,6,2025_full
1022500108,GSV,shooting,at_rim,10,43,4,2025_full
1022500108,GSV,and_one,midrange,0,47,5,2025_full
1022500109,LVA,shooting,3pt,-128,210,25,2025_full
1022500109,LVA,and_one,midrange,-33,55,6,2025_full
1022500109,IND,shooting,at_rim,-15,18,2,2025_full
1022500109,LVA,and_one,at_rim,-10,5,1,2025_full
1022500109,LVA,shooting,midrange,106,63,12,2025_full
1022500109,LVA,and_one,at_rim,4,0,0,2025_full
1022500110,LAS,shooting,at_rim,32,19,4,2025_full
1022500110,LAS,and_one,midrange,-43,22,5,2025_full
1022500110,NYL,and_one,at_rim,4,17,2,2025_full
1022500110,NYL,and_one,at_rim,12,15,2,2025_full
1022500110,NYL,and_one,at_rim,21,31,4,2025_full
1022500110,NYL,and_one,at_rim,15,19,2,2025_full
1022500111,ATL,shooting,midrange,28,62,7,2025_full
1022500111,ATL,shooting,midrange,74,51,9,2025_full
1022500111,ATL,and_one,midrange,-15,69,7,2025_full
1022500111,SEA,and_one,at_rim,-15,9,2,2025_full
1022500111,ATL,shooting,midrange,-42,64,8,2025_full
1022500112,PHX,and_one,at_rim,12,28,3,2025_full
1022500112,PHX,shooting,at_rim,16,27,3,2025_full
1022500112,PHX,and_one,midrange,101,163,19,2025_full
1022500112,DAL,and_one,midrange,54,69,9,2025_full
1022500112,DAL,and_one,midrange,53,111,12,2025_full
1022500112,PHX,shooting,3pt,-167,155,0,2025_full
1022500112,PHX,shooting,at_rim,13,7,1,2025_full
1022500112,DAL,and_one,midrange,-49,36,6,2025_full
1022500112,PHX,shooting,midrange,-100,-3,10,2025_full
1022500112,PHX,and_one,at_rim,-7,10,1,2025_full
1022500112,DAL,and_one,at_rim,-21,19,3,2025_full
1022500112,DAL,shooting,midrange,-110,149,19,2025_full
1022500113,MIN,shooting,midrange,-10,70,7,2025_full
1022500113,MIN,and_one,midrange,-34,51,6,2025_full
1022500113,MIN,and_one,midrange,-3,67,7,2025_full
1022500113,WAS,shooting,at_rim,26,7,3,2025_full
1022500113,WAS,and_one,midrange,121,111,16,2025_full
1022500113,WAS,and_one,at_rim,5,4,1,2025_full
1022500113,MIN,and_one,at_rim,27,29,4,2025_full
1022500114,IND,and_one,at_rim,18,27,3,2025_full
1022500114,LAS,shooting,at_rim,19,22,3,2025_full
1022500114,LAS,shooting,at_rim,31,6,3,2025_full
1022500114,IND,and_one,at_rim,34,18,4,2025_full
1022500114,LAS,and_one,at_rim,-21,17,3,2025_full
1022500115,MIN,shooting,at_rim,0,11,1,2025_full
1022500115,GSV,shooting,at_rim,-1,13,1,2025_full
1022500116,LVA,and_one,at_rim,21,11,2,2025_full
1022500116,CON,shooting,3pt,96,213,0,2025_full
1022500116,LVA,and_one,at_rim,-11,-3,1,2025_full
1022500116,CON,and_one,midrange,41,19,5,2025_full
1022500116,LVA,and_one,midrange,-44,98,11,2025_full
1022500116,LVA,shooting,3pt,-133,210,25,2025_full
1022500117,SEA,and_one,at_rim,-26,20,3,2025_full
1022500117,NYL,and_one,3pt,-160,195,25,2025_full
1022500117,SEA,and_one,midrange,94,154,18,2025_full
1022500117,NYL,shooting,3pt,-233,43,24,2025_full
1022500117,SEA,shooting,midrange,60,106,12,2025_full
1022500117,NYL,and_one,midrange,-3,73,7,2025_full
1022500118,CHI,and_one,at_rim,-8,38,4,2025_full
1022500118,MIN,and_one,at_rim,13,14,2,2025_full
1022500118,MIN,and_one,at_rim,-4,2,0,2025_full
1022500119,GSV,and_one,at_rim,-11,5,1,2025_full
1022500119,GSV,and_one,at_rim,-2,6,1,2025_full
1022500119,ATL,shooting,midrange,7,94,9,2025_full
1022500119,ATL,shooting,midrange,-6,88,9,2025_full
1022500119,ATL,and_one,at_rim,5,13,1,2025_full
1022500119,ATL,shooting,at_rim,5,13,1,2025_full
1022500119,ATL,and_one,midrange,-6,56,6,2025_full
1022500119,GSV,shooting,midrange,-9,84,8,2025_full
1022500120,PHX,and_one,midrange,-118,13,12,2025_full
1022500120,PHX,shooting,3pt,146,202,25,2025_full
1022500120,PHX,and_one,at_rim,15,33,4,2025_full
1022500120,DAL,shooting,midrange,-56,26,6,2025_full
1022500121,WAS,shooting,midrange,13,47,5,2025_full
1022500121,WAS,and_one,at_rim,38,-11,4,2025_full
1022500121,WAS,shooting,3pt,-210,128,25,2025_full
1022500121,WAS,shooting,midrange,-45,147,15,2025_full
1022500121,WAS,and_one,at_rim,-39,-3,4,2025_full
1022500121,WAS,and_one,at_rim,-33,-11,3,2025_full
1022500121,WAS,and_one,midrange,-94,129,16,2025_full
1022500121,WAS,and_one,at_rim,27,18,3,2025_full
1022500121,CHI,and_one,at_rim,26,10,3,2025_full
1022500121,WAS,and_one,at_rim,-23,9,2,2025_full
1022500121,WAS,and_one,at_rim,-26,9,3,2025_full
1022500121,WAS,and_one,midrange,-66,17,7,2025_full
1022500121,WAS,and_one,at_rim,-24,-4,2,2025_full
1022500121,WAS,shooting,at_rim,21,15,3,2025_full
1022500122,LVA,shooting,midrange,22,109,11,2025_full
1022500122,NYL,and_one,midrange,53,45,7,2025_full
1022500122,NYL,shooting,3pt,-216,109,24,2025_full
1022500122,LVA,shooting,midrange,-20,93,10,2025_full
1022500122,LVA,and_one,at_rim,-36,20,4,2025_full
1022500122,NYL,and_one,at_rim,-20,31,4,2025_full
1022500122,NYL,and_one,at_rim,1,34,3,2025_full
1022500122,NYL,and_one,at_rim,21,29,4,2025_full
1022500122,NYL,and_one,at_rim,13,33,4,2025_full
1022500123,SEA,and_one,3pt,208,99,0,2025_full
1022500123,SEA,shooting,at_rim,-29,19,3,2025_full
1022500123,SEA,and_one,at_rim,16,14,2,2025_full
1022500123,SEA,and_one,at_rim,-22,7,2,2025_full
1022500123,CON,and_one,at_rim,2,14,1,2025_full
1022500123,CON,and_one,at_rim,-10,27,3,2025_full
1022500123,CON,shooting,midrange,0,46,5,2025_full
1022500123,SEA,shooting,midrange,-28,187,19,2025_full
1022500123,SEA,and_one,at_rim,3,2,0,2025_full
1022500124,IND,shooting,at_rim,-16,38,4,2025_full
1022500124,GSV,shooting,3pt,-189,146,24,2025_full
1022500124,GSV,shooting,3pt,137,203,24,2025_full
1022500125,PHX,and_one,at_rim,32,15,4,2025_full
1022500125,MIN,and_one,at_rim,-29,27,4,2025_full
1022500125,PHX,and_one,at_rim,17,3,2,2025_full
1022500125,PHX,and_one,at_rim,-12,13,2,2025_full
1022500125,PHX,and_one,at_rim,12,12,2,2025_full
1022500126,CHI,shooting,3pt,211,95,0,2025_full
1022500126,DAL,and_one,midrange,-39,133,14,2025_full
1022500126,DAL,and_one,at_rim,-10,11,1,2025_full
1022500126,DAL,and_one,at_rim,-4,5,1,2025_full
1022500126,CHI,shooting,3pt,89,226,24,2025_full
1022500126,CHI,and_one,at_rim,4,6,1,2025_full
1022500127,MIN,and_one,at_rim,17,15,2,2025_full
1022500127,MIN,and_one,midrange,-5,62,6,2025_full
1022500127,LAS,shooting,midrange,-17,58,6,2025_full
1022500127,MIN,and_one,at_rim,0,12,1,2025_full
1022500127,MIN,and_one,midrange,-63,21,7,2025_full
1022500128,WAS,shooting,midrange,-3,67,7,2025_full
1022500128,LVA,and_one,midrange,-66,102,12,2025_full
1022500128,LVA,and_one,midrange,-50,100,11,2025_full
1022500128,WAS,and_one,midrange,-28,42,5,2025_full
1022500128,WAS,shooting,at_rim,-18,14,2,2025_full
1022500128,WAS,and_one,midrange,44,36,6,2025_full
1022500128,WAS,and_one,midrange,72,9,7,2025_full
1022500129,IND,and_one,at_rim,-18,37,4,2025_full
1022500129,IND,and_one,at_rim,-22,13,3,2025_full
1022500129,IND,shooting,at_rim,-1,33,3,2025_full
1022500129,IND,and_one,midrange,-26,57,6,2025_full
1022500129,IND,and_one,at_rim,39,15,4,2025_full
1022500129,IND,and_one,midrange,26,47,5,2025_full
1022500129,ATL,and_one,midrange,-28,36,5,2025_full
1022500130,CON,shooting,midrange,61,162,17,2025_full
1022500130,CON,shooting,at_rim,28,7,3,2025_full
1022500130,CON,shooting,at_rim,-22,0,2,2025_full
1022500130,SEA,shooting,3pt,199,140,24,2025_full
1022500130,CON,shooting,midrange,-72,11,7,2025_full
1022500130,CON,shooting,midrange,21,58,6,2025_full
1022500130,SEA,shooting,midrange,26,138,14,2025_full
1022500131,MIN,and_one,at_rim,10,3,1,2025_full
1022500131,CHI,and_one,at_rim,17,5,2,2025_full
1022500131,CHI,and_one,at_rim,9,10,1,2025_full
1022500131,MIN,and_one,at_rim,16,7,2,2025_full
1022500131,CHI,and_one,at_rim,-12,43,4,2025_full
1022500131,CHI,shooting,at_rim,15,7,2,2025_full
1022500132,LVA,and_one,at_rim,41,15,4,2025_full
1022500132,GSV,and_one,midrange,27,42,5,2025_full
1022500132,LVA,and_one,midrange,-60,66,9,2025_full
1022500132,LVA,and_one,midrange,-38,28,5,2025_full
1022500132,GSV,shooting,midrange,88,62,11,2025_full
1022500132,LVA,and_one,midrange,49,36,6,2025_full
1022500132,GSV,shooting,at_rim,36,12,4,2025_full
1022500132,GSV,and_one,at_rim,26,25,4,2025_full
1022500132,GSV,and_one,at_rim,-20,27,3,2025_full
1022500133,IND,shooting,at_rim,-8,1,1,2025_full
1022500133,IND,shooting,at_rim,3,-1,0,2025_full
1022500133,IND,and_one,at_rim,-4,11,1,2025_full
1022500133,DAL,and_one,at_rim,4,1,0,2025_full
1022500133,DAL,shooting,3pt,233,96,25,2025_full
1022500134,NYL,shooting,midrange,-46,-3,5,2025_full
1022500134,NYL,shooting,at_rim,13,0,1,2025_full
1022500134,NYL,and_one,midrange,-42,97,11,2025_full
1022500134,ATL,and_one,at_rim,-33,11,3,2025_full
1022500134,ATL,shooting,midrange,-125,38,13,2025_full
1022500134,ATL,shooting,at_rim,-32,16,4,2025_full
1022500134,ATL,and_one,at_rim,37,13,4,2025_full
1022500135,CON,shooting,3pt,-49,255,26,2025_full
1022500135,CON,and_one,at_rim,-26,14,3,2025_full
1022500135,CON,shooting,midrange,111,145,18,2025_full
1022500135,LAS,shooting,3pt,169,181,25,2025_full
1022500135,LAS,shooting,midrange,36,81,9,2025_full
1022500135,LAS,shooting,at_rim,-35,9,4,2025_full
1022500136,WAS,shooting,midrange,159,4,16,2025_full
1022500136,WAS,and_one,at_rim,16,1,2,2025_full
1022500136,WAS,shooting,midrange,61,174,18,2025_full
1022500136,SEA,shooting,midrange,34,99,10,2025_full
1022500136,SEA,shooting,at_rim,-21,1,2,2025_full
1022500136,WAS,and_one,midrange,-11,49,5,2025_full
1022500136,SEA,shooting,3pt,-74,225,24,2025_full
1022500137,CHI,and_one,midrange,6,70,7,2025_full
1022500137,CHI,and_one,at_rim,-10,1,1,2025_full
1022500137,MIN,and_one,at_rim,-17,19,3,2025_full
1022500137,CHI,and_one,at_rim,12,7,1,2025_full
1022500137,MIN,and_one,at_rim,-21,-3,2,2025_full
1022500137,MIN,shooting,at_rim,12,5,1,2025_full
1022500138,GSV,and_one,3pt,182,157,24,2025_full
1022500138,GSV,shooting,midrange,-17,127,13,2025_full
1022500138,PHX,shooting,midrange,54,10,5,2025_full
1022500138,GSV,and_one,midrange,36,30,5,2025_full
1022500138,GSV,shooting,3pt,-83,232,25,2025_full
1022500138,PHX,and_one,midrange,46,15,5,2025_full
1022500138,GSV,shooting,midrange,3,56,6,2025_full
1022500139,IND,and_one,at_rim,-11,-1,1,2025_full
1022500139,CON,shooting,at_rim,-28,34,4,2025_full
1022500139,CON,and_one,at_rim,-12,2,1,2025_full
1022500139,CON,and_one,3pt,-146,197,25,2025_full
1022500140,LAS,shooting,at_rim,5,8,1,2025_full
1022500140,LAS,and_one,at_rim,13,20,2,2025_full
1022500140,LAS,and_one,at_rim,23,18,3,2025_full
1022500140,LAS,shooting,3pt,175,165,24,2025_full
1022500140,LAS,shooting,at_rim,28,32,4,2025_full
1022500140,LAS,and_one,at_rim,4,7,1,2025_full
1022500140,LAS,and_one,at_rim,-12,9,2,2025_full
1022500141,ATL,shooting,midrange,32,40,5,2025_full
1022500141,ATL,and_one,at_rim,0,-4,0,2025_full
1022500141,CHI,shooting,midrange,74,159,18,2025_full
1022500141,ATL,shooting,at_rim,-13,18,2,2025_full
1022500141,ATL,shooting,at_rim,-3,25,3,2025_full
1022500141,ATL,and_one,at_rim,11,15,2,2025_full
1022500141,CHI,and_one,at_rim,5,-7,1,2025_full
1022500141,CHI,and_one,midrange,31,36,5,2025_full
1022500142,MIN,and_one,at_rim,-12,-4,1,2025_full
1022500142,PHX,shooting,3pt,179,173,25,2025_full
1022500142,PHX,and_one,at_rim,-10,22,2,2025_full
1022500142,PHX,and_one,midrange,95,25,10,2025_full
1022500142,MIN,and_one,midrange,-28,74,8,2025_full
1022500143,GSV,shooting,midrange,-76,208,22,2025_full
1022500143,SEA,and_one,at_rim,26,20,3,2025_full
1022500144,NYL,and_one,midrange,5,57,6,2025_full
1022500144,NYL,shooting,midrange,-1,52,5,2025_full
1022500144,NYL,and_one,at_rim,13,11,2,2025_full
1022500144,NYL,and_one,at_rim,-18,6,2,2025_full
1022500144,IND,and_one,at_rim,-17,23,3,2025_full
1022500144,NYL,shooting,3pt,235,17,24,2025_full
1022500145,LVA,shooting,midrange,55,54,8,2025_full
1022500145,LVA,shooting,at_rim,-27,16,3,2025_full
1022500145,LVA,and_one,at_rim,-4,17,2,2025_full
1022500145,LVA,shooting,at_rim,-4,17,2,2025_full
1022500145,LVA,and_one,at_rim,-23,10,3,2025_full
1022500145,DAL,and_one,at_rim,5,36,4,2025_full
1022500145,LVA,shooting,at_rim,-28,24,4,2025_full
1022500145,LVA,and_one,midrange,-49,72,9,2025_full
1022500145,LVA,and_one,midrange,-29,44,5,2025_full
1022500146,LAS,shooting,at_rim,-24,25,3,2025_full
1022500146,WAS,shooting,midrange,89,93,13,2025_full
1022500146,WAS,shooting,midrange,-59,19,6,2025_full
1022500146,WAS,and_one,at_rim,-11,12,2,2025_full
1022500146,LAS,and_one,at_rim,17,11,2,2025_full
1022500146,WAS,shooting,midrange,-101,63,12,2025_full
1022500146,WAS,shooting,at_rim,23,6,2,2025_full
1022500146,LAS,and_one,midrange,69,39,8,2025_full
1022500147,IND,shooting,at_rim,-24,4,2,2025_full
1022500147,IND,shooting,3pt,-144,205,25,2025_full
1022500147,IND,and_one,at_rim,16,22,3,2025_full
1022500147,NYL,and_one,at_rim,28,-1,3,2025_full
1022500147,IND,shooting,3pt,227,14,0,2025_full
1022500147,NYL,and_one,midrange,-34,79,9,2025_full
1022500147,IND,and_one,at_rim,38,13,4,2025_full
1022500147,NYL,and_one,at_rim,-18,10,2,2025_full
1022500148,CHI,shooting,at_rim,11,-6,1,2025_full
1022500148,MIN,shooting,at_rim,-18,4,2,2025_full
1022500148,MIN,and_one,at_rim,6,-1,1,2025_full
1022500148,CHI,shooting,at_rim,6,11,1,2025_full
1022500149,ATL,shooting,3pt,182,208,28,2025_full
1022500149,LVA,and_one,at_rim,32,22,4,2025_full
1022500149,ATL,shooting,3pt,-139,215,26,2025_full
1022500149,ATL,and_one,at_rim,-28,18,3,2025_full
1022500149,LVA,shooting,midrange,-5,69,7,2025_full
1022500149,LVA,shooting,midrange,44,42,6,2025_full
1022500149,LVA,shooting,3pt,44,240,24,2025_full
1022500150,SEA,and_one,at_rim,26,11,3,2025_full
1022500150,DAL,and_one,midrange,-10,83,8,2025_full
1022500150,DAL,and_one,midrange,-54,22,6,2025_full
1022500150,DAL,and_one,midrange,-10,61,6,2025_full
1022500150,SEA,and_one,at_rim,-33,5,3,2025_full
1022500150,DAL,shooting,at_rim,-13,15,2,2025_full
1022500151,ATL,and_one,midrange,-116,68,13,2025_full
1022500151,PHX,and_one,at_rim,-6,6,1,2025_full
1022500152,LAS,shooting,at_rim,1,29,3,2025_full
1022500152,LAS,and_one,midrange,-28,43,5,2025_full
1022500152,LAS,and_one,at_rim,18,38,4,2025_full
1022500152,CON,and_one,at_rim,12,38,4,2025_full
1022500152,LAS,and_one,at_rim,16,23,3,2025_full
1022500152,CON,shooting,at_rim,0,-6,1,2025_full
1022500152,CON,shooting,at_rim,2,24,2,2025_full
1022500152,LAS,shooting,at_rim,17,37,4,2025_full
1022500152,LAS,shooting,3pt,-118,224,25,2025_full
1022500152,LAS,shooting,3pt,61,278,28,2025_full
1022500152,LAS,shooting,at_rim,-4,32,3,2025_full
1022500152,CON,shooting,midrange,57,140,15,2025_full
1022500153,IND,shooting,at_rim,3,31,3,2025_full
1022500153,IND,and_one,at_rim,30,24,4,2025_full
1022500153,LVA,and_one,midrange,-118,36,12,2025_full
1022500153,IND,and_one,midrange,-1,46,5,2025_full
1022500154,SEA,and_one,midrange,18,90,9,2025_full
1022500154,CHI,shooting,midrange,78,162,18,2025_full
1022500154,SEA,and_one,at_rim,-12,2,1,2025_full
1022500154,SEA,and_one,at_rim,-7,6,1,2025_full
1022500154,CHI,shooting,midrange,-2,52,5,2025_full
1022500154,CHI,and_one,at_rim,3,6,1,2025_full
1022500154,CHI,shooting,midrange,-106,39,11,2025_full
1022500155,NYL,shooting,at_rim,-39,19,4,2025_full
1022500155,PHX,and_one,midrange,-56,15,6,2025_full
1022500155,PHX,and_one,at_rim,35,9,4,2025_full
1022500155,NYL,shooting,at_rim,-6,40,4,2025_full
1022500155,NYL,shooting,3pt,183,154,24,2025_full
1022500155,PHX,shooting,midrange,65,32,7,2025_full
1022500155,NYL,and_one,midrange,48,34,6,2025_full
1022500155,NYL,and_one,midrange,54,48,7,2025_full
1022500155,PHX,and_one,midrange,34,30,5,2025_full
1022500156,MIN,shooting,midrange,-59,14,6,2025_full
1022500156,LVA,and_one,at_rim,18,13,2,2025_full
1022500156,MIN,shooting,3pt,160,214,27,2025_full
1022500156,LVA,shooting,3pt,155,180,24,2025_full
1022500156,LVA,shooting,at_rim,-35,24,4,2025_full
1022500156,MIN,shooting,3pt,-212,106,24,2025_full
1022500156,MIN,and_one,at_rim,40,13,4,2025_full
1022500157,DAL,and_one,at_rim,-1,-3,0,2025_full
1022500157,GSV,shooting,at_rim,-8,2,1,2025_full
1022500157,GSV,and_one,midrange,31,47,6,2025_full
1022500157,GSV,and_one,at_rim,-11,22,2,2025_full
1022500157,DAL,shooting,at_rim,-22,12,3,2025_full
1022500157,DAL,and_one,at_rim,7,12,1,2025_full
1022500157,GSV,and_one,at_rim,13,9,2,2025_full
1022500157,GSV,shooting,at_rim,1,20,2,2025_full
1022500157,GSV,and_one,at_rim,-4,15,2,2025_full
1022500157,DAL,and_one,at_rim,-12,2,1,2025_full
1022500158,IND,shooting,at_rim,-9,20,2,2025_full
1022500158,IND,shooting,3pt,68,230,24,2025_full
1022500159,LAS,and_one,at_rim,18,14,2,2025_full
1022500159,NYL,and_one,at_rim,-17,5,2,2025_full
1022500159,LAS,shooting,at_rim,23,8,2,2025_full
1022500159,LAS,shooting,3pt,-193,159,25,2025_full
1022500159,NYL,shooting,3pt,-211,119,24,2025_full
1022500159,LAS,shooting,at_rim,0,-6,1,2025_full
1022500159,NYL,shooting,midrange,26,50,6,2025_full
1022500159,NYL,shooting,at_rim,-7,12,1,2025_full
1022500159,NYL,and_one,at_rim,1,29,3,2025_full
1022500159,NYL,and_one,at_rim,15,17,2,2025_full
1022500160,WAS,and_one,at_rim,-32,12,3,2025_full
1022500160,SEA,and_one,midrange,49,33,6,2025_full
1022500160,WAS,and_one,at_rim,-37,6,4,2025_full
1022500160,WAS,and_one,at_rim,-20,14,2,2025_full
1022500160,SEA,and_one,at_rim,18,14,2,2025_full
1022500161,CON,and_one,midrange,13,60,6,2025_full
1022500161,CON,shooting,3pt,120,240,27,2025_full
1022500161,CON,shooting,midrange,5,193,19,2025_full
1022500161,CON,and_one,midrange,-89,25,9,2025_full
1022500161,GSV,and_one,at_rim,28,8,3,2025_full
1022500161,GSV,shooting,at_rim,-27,7,3,2025_full
1022500161,GSV,and_one,at_rim,39,16,4,2025_full
1022500162,DAL,and_one,midrange,24,40,5,2025_full
1022500162,LVA,shooting,3pt,-222,48,0,2025_full
1022500162,DAL,and_one,midrange,-35,35,5,2025_full
1022500162,LVA,and_one,at_rim,-17,0,2,2025_full
1022500162,LVA,and_one,at_rim,-24,15,3,2025_full
1022500162,DAL,shooting,midrange,93,33,10,2025_full
1022500162,LVA,shooting,at_rim,16,35,4,2025_full
1022500162,DAL,shooting,at_rim,26,-3,3,2025_full
1022500162,DAL,and_one,at_rim,21,12,2,2025_full
1022500162,DAL,shooting,at_rim,22,27,3,2025_full
1022500162,DAL,shooting,at_rim,32,5,3,2025_full
1022500162,LVA,shooting,3pt,-202,159,26,2025_full
1022500162,LVA,and_one,3pt,115,237,26,2025_full
1022500163,WAS,and_one,at_rim,-1,11,1,2025_full
1022500163,WAS,shooting,at_rim,9,-7,1,2025_full
1022500163,PHX,and_one,at_rim,-28,27,4,2025_full
1022500163,PHX,and_one,at_rim,12,7,1,2025_full
1022500163,WAS,and_one,at_rim,-4,-4,1,2025_full
1022500163,WAS,shooting,midrange,12,165,17,2025_full
1022500163,PHX,and_one,midrange,105,12,11,2025_full
1022500164,MIN,and_one,at_rim,-21,11,2,2025_full
1022500164,MIN,shooting,at_rim,26,19,3,2025_full
1022500164,ATL,and_one,midrange,41,63,8,2025_full
1022500164,MIN,and_one,at_rim,-10,22,2,2025_full
1022500165,CON,and_one,at_rim,12,29,3,2025_full
1022500165,SEA,shooting,at_rim,-28,9,3,2025_full
1022500165,CON,shooting,midrange,44,22,5,2025_full
1022500165,SEA,and_one,midrange,49,41,6,2025_full
1022500165,SEA,and_one,at_rim,-32,8,3,2025_full
1022500165,CON,and_one,at_rim,0,-6,1,2025_full
1022500165,SEA,and_one,at_rim,4,25,3,2025_full
1022500165,CON,shooting,3pt,-154,203,25,2025_full
1022500165,CON,and_one,at_rim,23,20,3,2025_full
1022500165,CON,shooting,3pt,-237,-10,24,2025_full
1022500165,CON,and_one,at_rim,-16,20,3,2025_full
1022500165,CON,shooting,midrange,-92,184,21,2025_full
1022500166,DAL,and_one,midrange,51,144,15,2025_full
1022500166,DAL,and_one,midrange,40,21,5,2025_full
1022500166,NYL,shooting,midrange,-46,110,12,2025_full
1022500166,NYL,shooting,midrange,36,39,5,2025_full
1022500166,DAL,shooting,at_rim,6,21,2,2025_full
1022500166,NYL,and_one,midrange,56,117,13,2025_full
1022500166,NYL,and_one,at_rim,31,29,4,2025_full
1022500167,GSV,shooting,at_rim,4,12,1,2025_full
1022500167,ATL,and_one,at_rim,-24,20,3,2025_full
1022500167,ATL,and_one,at_rim,9,21,2,2025_full
1022500168,WAS,and_one,midrange,-43,20,5,2025_full
1022500168,CHI,shooting,at_rim,28,25,4,2025_full
1022500168,CHI,shooting,at_rim,28,25,4,2025_full
1022500168,WAS,and_one,at_rim,-23,14,3,2025_full
1022500168,WAS,and_one,at_rim,10,37,4,2025_full
1022500168,CHI,shooting,at_rim,8,12,1,2025_full
1022500168,WAS,shooting,midrange,56,52,8,2025_full
1022500168,CHI,and_one,at_rim,15,24,3,2025_full
1022500168,WAS,and_one,at_rim,-18,20,3,2025_full
1022500168,CHI,and_one,at_rim,26,11,3,2025_full
1022500168,CHI,shooting,at_rim,26,11,3,2025_full
1022500168,WAS,and_one,at_rim,16,40,4,2025_full
1022500168,WAS,and_one,at_rim,18,23,3,2025_full
1022500169,LVA,shooting,midrange,17,112,11,2025_full
1022500169,LAS,and_one,midrange,16,45,5,2025_full
1022500169,LVA,and_one,midrange,-20,108,11,2025_full
1022500169,LVA,and_one,at_rim,-9,8,1,2025_full
1022500170,PHX,and_one,at_rim,-10,10,1,2025_full
1022500170,PHX,and_one,at_rim,-10,15,2,2025_full
1022500170,IND,shooting,3pt,122,252,28,2025_full
1022500170,IND,shooting,at_rim,6,12,1,2025_full
1022500170,PHX,and_one,at_rim,-3,23,2,2025_full
1022500170,IND,shooting,at_rim,5,13,1,2025_full
1022500170,IND,and_one,at_rim,5,6,1,2025_full
1022500170,IND,and_one,3pt,190,231,30,2025_full
1022500170,PHX,and_one,at_rim,-15,-8,2,2025_full
1022500171,ATL,and_one,at_rim,6,11,1,2025_full
1022500171,ATL,shooting,midrange,-145,134,20,2025_full
1022500171,ATL,shooting,at_rim,-17,21,3,2025_full
1022500171,ATL,shooting,at_rim,30,2,3,2025_full
1022500171,ATL,and_one,at_rim,-16,19,2,2025_full
1022500171,DAL,and_one,midrange,54,4,5,2025_full
1022500171,DAL,and_one,midrange,43,45,6,2025_full
1022500172,MIN,shooting,midrange,-50,63,8,2025_full
1022500172,NYL,shooting,at_rim,-12,17,2,2025_full
1022500172,NYL,and_one,3pt,-16,248,25,2025_full
1022500172,MIN,and_one,midrange,-44,24,5,2025_full
1022500173,WAS,and_one,midrange,37,58,7,2025_full
1022500173,GSV,shooting,midrange,-57,-5,6,2025_full
1022500173,WAS,and_one,midrange,50,25,6,2025_full
1022500174,ATL,shooting,at_rim,-13,7,1,2025_full
1022500174,PHX,shooting,at_rim,-12,12,2,2025_full
1022500174,ATL,and_one,at_rim,28,18,3,2025_full
1022500174,ATL,shooting,3pt,86,232,25,2025_full
1022500174,PHX,and_one,at_rim,-10,7,1,2025_full
1022500174,PHX,and_one,at_rim,0,10,1,2025_full
1022500175,NYL,and_one,midrange,-15,45,5,2025_full
1022500175,CON,shooting,midrange,-67,71,10,2025_full
1022500175,CON,shooting,midrange,34,120,12,2025_full
1022500175,NYL,shooting,at_rim,26,14,3,2025_full
1022500175,CON,and_one,at_rim,0,36,4,2025_full
1022500176,CHI,and_one,at_rim,11,14,2,2025_full
1022500176,CHI,and_one,at_rim,28,16,3,2025_full
1022500176,GSV,shooting,3pt,221,84,24,2025_full
1022500176,GSV,and_one,at_rim,12,15,2,2025_full
1022500177,IND,and_one,at_rim,17,6,2,2025_full
1022500177,DAL,shooting,midrange,40,177,18,2025_full
1022500177,IND,shooting,3pt,-112,234,26,2025_full
1022500177,DAL,shooting,at_rim,17,2,2,2025_full
1022500177,DAL,and_one,at_rim,33,12,4,2025_full
1022500178,LAS,and_one,at_rim,15,15,2,2025_full
1022500178,LAS,and_one,at_rim,6,13,1,2025_full
1022500178,LAS,shooting,at_rim,-21,17,3,2025_full
1022500178,LAS,and_one,midrange,-28,50,6,2025_full
1022500178,LAS,shooting,at_rim,34,19,4,2025_full
1022500178,SEA,and_one,at_rim,-34,10,4,2025_full
1022500179,LVA,shooting,midrange,45,13,5,2025_full
1022500179,MIN,and_one,at_rim,-29,16,3,2025_full
1022500179,MIN,and_one,at_rim,-38,10,4,2025_full
1022500179,MIN,shooting,at_rim,-8,42,4,2025_full
1022500180,WAS,and_one,at_rim,-29,20,4,2025_full
1022500180,WAS,and_one,at_rim,4,9,1,2025_full
1022500180,WAS,and_one,at_rim,12,21,2,2025_full
1022500180,ATL,and_one,at_rim,7,8,1,2025_full
1022500180,WAS,and_one,at_rim,-13,30,3,2025_full
1022500180,ATL,and_one,at_rim,1,10,1,2025_full
1022500180,ATL,and_one,at_rim,16,17,2,2025_full
1022500180,WAS,shooting,midrange,-137,71,15,2025_full
1022500181,CON,and_one,at_rim,-10,13,2,2025_full
1022500181,NYL,and_one,midrange,1,47,5,2025_full
1022500181,NYL,and_one,at_rim,18,30,3,2025_full
1022500181,CON,and_one,midrange,-39,155,16,2025_full
1022500181,NYL,and_one,at_rim,0,35,4,2025_full
1022500182,PHX,shooting,midrange,-7,81,8,2025_full
1022500182,PHX,and_one,at_rim,-6,9,1,2025_full
1022500182,CHI,shooting,midrange,21,119,12,2025_full
1022500182,PHX,and_one,midrange,-10,56,6,2025_full
1022500182,CHI,shooting,midrange,128,46,14,2025_full
1022500183,LVA,and_one,midrange,24,101,10,2025_full
1022500183,LVA,and_one,midrange,-4,45,5,2025_full
1022500183,GSV,shooting,at_rim,31,23,4,2025_full
1022500183,LVA,and_one,at_rim,-33,22,4,2025_full
1022500183,GSV,shooting,midrange,-26,52,6,2025_full
1022500184,IND,shooting,3pt,95,232,25,2025_full
1022500184,SEA,shooting,at_rim,-22,13,3,2025_full
1022500184,IND,and_one,at_rim,-17,17,2,2025_full
1022500184,IND,and_one,at_rim,12,2,1,2025_full
1022500184,IND,and_one,midrange,45,40,6,2025_full
1022500184,IND,and_one,at_rim,23,-1,2,2025_full
1022500184,SEA,and_one,at_rim,23,22,3,2025_full
1022500185,NYL,and_one,midrange,-83,20,9,2025_full
1022500185,DAL,and_one,midrange,149,34,15,2025_full
1022500185,DAL,shooting,midrange,54,73,9,2025_full
1022500185,DAL,shooting,midrange,-94,101,14,2025_full
1022500185,DAL,shooting,3pt,-224,-4,0,2025_full
1022500185,DAL,and_one,midrange,12,53,5,2025_full
1022500185,DAL,and_one,midrange,70,31,8,2025_full
1022500186,CHI,and_one,at_rim,0,0,0,2025_full
1022500186,WAS,shooting,midrange,-4,170,17,2025_full
1022500186,WAS,shooting,midrange,-106,168,20,2025_full
1022500186,WAS,and_one,at_rim,19,13,2,2025_full
1022500187,IND,shooting,3pt,115,234,26,2025_full
1022500187,LAS,and_one,at_rim,11,43,4,2025_full
1022500187,LAS,shooting,3pt,-225,33,0,2025_full
1022500187,IND,shooting,at_rim,0,-6,1,2025_full
1022500187,IND,shooting,3pt,-16,248,25,2025_full
1022500188,PHX,and_one,at_rim,-1,13,1,2025_full
1022500188,PHX,and_one,midrange,-111,151,19,2025_full
1022500188,CON,and_one,at_rim,8,17,2,2025_full
1022500188,PHX,shooting,3pt,196,154,25,2025_full
1022500188,PHX,shooting,midrange,49,81,9,2025_full
1022500189,MIN,shooting,3pt,-142,223,26,2025_full
1022500189,SEA,shooting,midrange,-69,75,10,2025_full
1022500189,SEA,and_one,midrange,46,81,9,2025_full
1022500189,MIN,and_one,at_rim,-21,7,2,2025_full
1022500189,SEA,shooting,midrange,1,72,7,2025_full
1022500189,MIN,shooting,at_rim,17,2,2,2025_full
1022500190,LVA,shooting,midrange,-11,117,12,2025_full
1022500190,LVA,and_one,midrange,-15,66,7,2025_full
1022500190,GSV,and_one,midrange,-39,46,6,2025_full
1022500191,ATL,shooting,at_rim,-4,0,0,2025_full
1022500191,ATL,shooting,at_rim,-11,9,1,2025_full
1022500191,CHI,shooting,midrange,-10,64,6,2025_full
1022500191,ATL,and_one,at_rim,-9,4,1,2025_full
1022500191,ATL,shooting,at_rim,0,8,1,2025_full
1022500191,ATL,and_one,at_rim,13,8,2,2025_full
1022500192,CON,shooting,midrange,-12,63,6,2025_full
1022500192,LAS,shooting,at_rim,26,5,3,2025_full
1022500192,CON,and_one,at_rim,-5,18,2,2025_full
1022500192,LAS,and_one,at_rim,11,16,2,2025_full
1022500192,CON,and_one,at_rim,-7,2,1,2025_full
1022500192,CON,and_one,at_rim,20,2,2,2025_full
1022500192,LAS,shooting,midrange,-37,43,6,2025_full
1022500192,LAS,and_one,at_rim,4,15,2,2025_full
1022500193,IND,shooting,midrange,-88,183,20,2025_full
1022500193,IND,shooting,at_rim,-27,15,3,2025_full
1022500193,IND,and_one,at_rim,-2,12,1,2025_full
1022500193,IND,and_one,at_rim,-1,11,1,2025_full
1022500194,DAL,and_one,midrange,13,83,8,2025_full
1022500194,NYL,and_one,at_rim,-15,20,3,2025_full
1022500194,DAL,and_one,midrange,40,21,5,2025_full
1022500194,NYL,shooting,3pt,-210,185,28,2025_full
1022500194,DAL,shooting,at_rim,35,17,4,2025_full
1022500194,DAL,shooting,midrange,109,120,16,2025_full
1022500195,MIN,and_one,at_rim,19,14,2,2025_full
1022500195,WAS,shooting,midrange,-10,55,6,2025_full
1022500195,MIN,and_one,midrange,-73,128,15,2025_full
1022500195,WAS,and_one,midrange,46,14,5,2025_full
1022500195,WAS,and_one,midrange,-7,51,5,2025_full
1022500196,LVA,and_one,midrange,-9,71,7,2025_full
1022500196,LVA,and_one,midrange,32,34,5,2025_full
1022500196,LVA,and_one,midrange,-34,70,8,2025_full
1022500196,SEA,shooting,midrange,-18,126,13,2025_full
1022500196,LVA,and_one,at_rim,12,27,3,2025_full
1022500196,LVA,shooting,3pt,-186,149,24,2025_full
1022500196,SEA,and_one,at_rim,30,27,4,2025_full
1022500196,SEA,and_one,midrange,136,39,14,2025_full
1022500196,SEA,and_one,at_rim,-10,34,4,2025_full
1022500197,LAS,shooting,3pt,234,29,24,2025_full
1022500197,GSV,and_one,midrange,27,50,6,2025_full
1022500197,LAS,and_one,midrange,51,56,8,2025_full
1022500197,LAS,and_one,midrange,40,54,7,2025_full
1022500197,LAS,shooting,3pt,-149,177,0,2025_full
1022500198,IND,and_one,at_rim,-9,36,4,2025_full
1022500198,IND,and_one,at_rim,11,22,2,2025_full
1022500199,NYL,and_one,midrange,-21,43,5,2025_full
1022500199,MIN,shooting,at_rim,-27,-5,3,2025_full
1022500199,MIN,and_one,midrange,-32,33,5,2025_full
1022500200,DAL,and_one,at_rim,-17,29,3,2025_full
1022500200,DAL,and_one,3pt,-213,121,24,2025_full
1022500200,WAS,and_one,at_rim,-18,20,3,2025_full
1022500200,DAL,shooting,3pt,226,109,25,2025_full
1022500200,WAS,and_one,at_rim,15,22,3,2025_full
1022500200,WAS,and_one,midrange,-3,122,12,2025_full
1022500200,WAS,and_one,at_rim,11,24,3,2025_full
1022500200,WAS,and_one,midrange,-27,105,11,2025_full
1022500200,DAL,and_one,midrange,11,48,5,2025_full
1022500201,LAS,and_one,at_rim,-9,4,1,2025_full
1022500201,LAS,shooting,3pt,124,197,0,2025_full
1022500201,LAS,and_one,at_rim,28,6,3,2025_full
1022500202,ATL,shooting,3pt,172,232,29,2025_full
1022500202,PHX,shooting,at_rim,-11,17,2,2025_full
1022500202,PHX,shooting,at_rim,-12,13,2,2025_full
1022500202,ATL,shooting,3pt,-178,177,25,2025_full
1022500202,PHX,shooting,3pt,189,174,26,2025_full
1022500202,ATL,and_one,at_rim,-11,16,2,2025_full
1022500203,LVA,and_one,at_rim,7,37,4,2025_full
1022500203,CON,and_one,at_rim,-11,36,4,2025_full
1022500203,LVA,and_one,at_rim,-23,13,3,2025_full
1022500203,LVA,and_one,midrange,4,68,7,2025_full
1022500203,LVA,and_one,at_rim,-11,31,3,2025_full
1022500203,LVA,and_one,midrange,11,54,6,2025_full
1022500203,CON,and_one,at_rim,28,17,3,2025_full
1022500203,LVA,shooting,midrange,-23,44,5,2025_full
1022500204,GSV,shooting,midrange,-68,115,13,2025_full
1022500204,GSV,and_one,midrange,-62,80,10,2025_full
1022500204,CON,and_one,midrange,6,65,7,2025_full
1022500205,IND,shooting,at_rim,-6,28,3,2025_full
1022500205,DAL,and_one,at_rim,-5,35,4,2025_full
1022500205,DAL,and_one,at_rim,-19,9,2,2025_full
1022500205,DAL,and_one,midrange,16,58,6,2025_full
1022500205,DAL,and_one,at_rim,-5,-4,1,2025_full
1022500206,NYL,shooting,3pt,155,178,24,2025_full
1022500206,LAS,shooting,at_rim,-12,11,2,2025_full
1022500206,LAS,and_one,at_rim,-26,15,3,2025_full
1022500206,LAS,shooting,3pt,190,131,0,2025_full
1022500206,NYL,and_one,at_rim,-24,31,4,2025_full
1022500206,LAS,shooting,at_rim,0,-6,1,2025_full
1022500206,NYL,shooting,midrange,-35,52,6,2025_full
1022500206,LAS,and_one,at_rim,-1,-1,0,2025_full
1022500206,NYL,shooting,at_rim,29,29,4,2025_full
1022500206,LAS,and_one,at_rim,18,6,2,2025_full
1022500207,CHI,and_one,at_rim,-10,22,2,2025_full
1022500207,CHI,shooting,at_rim,23,17,3,2025_full
1022500207,CHI,and_one,at_rim,20,13,2,2025_full
1022500207,CON,and_one,3pt,-235,86,25,2025_full
1022500208,GSV,shooting,midrange,-19,55,6,2025_full
1022500208,WAS,shooting,midrange,-34,40,5,2025_full
1022500208,GSV,and_one,at_rim,33,24,4,2025_full
1022500208,GSV,and_one,midrange,35,31,5,2025_full
1022500208,GSV,and_one,at_rim,-26,34,4,2025_full
1022500208,WAS,and_one,at_rim,37,9,4,2025_full
1022500208,WAS,and_one,midrange,82,32,9,2025_full
1022500209,NYL,and_one,at_rim,15,11,2,2025_full
1022500209,LVA,and_one,at_rim,29,24,4,2025_full
1022500209,LVA,and_one,3pt,-169,160,0,2025_full
1022500209,NYL,shooting,midrange,30,49,6,2025_full
1022500209,NYL,and_one,midrange,-65,25,7,2025_full
1022500209,LVA,shooting,midrange,-102,11,10,2025_full
1022500209,LVA,shooting,at_rim,29,21,4,2025_full
1022500210,SEA,and_one,at_rim,-18,11,2,2025_full
1022500210,SEA,and_one,at_rim,28,7,3,2025_full
1022500210,ATL,and_one,at_rim,-19,6,2,2025_full
1022500210,SEA,and_one,at_rim,18,-4,2,2025_full
1022500210,ATL,shooting,midrange,30,95,10,2025_full
1022500211,IND,shooting,midrange,-32,179,18,2025_full
1022500212,GSV,shooting,at_rim,12,9,2,2025_full
1022500213,LAS,and_one,at_rim,10,1,1,2025_full
1022500213,LAS,shooting,at_rim,11,6,1,2025_full
1022500213,DAL,and_one,at_rim,1,30,3,2025_full
1022500213,DAL,shooting,at_rim,1,30,3,2025_full
1022500213,LAS,shooting,3pt,145,210,26,2025_full
1022500213,LAS,and_one,at_rim,-6,28,3,2025_full
1022500213,DAL,and_one,midrange,-26,61,7,2025_full
1022500213,LAS,and_one,at_rim,13,24,3,2025_full
1022500213,DAL,and_one,at_rim,7,12,1,2025_full
1022500214,ATL,and_one,midrange,-44,17,5,2025_full
1022500214,ATL,and_one,at_rim,15,39,4,2025_full
1022500214,SEA,and_one,at_rim,0,38,4,2025_full
1022500214,ATL,shooting,at_rim,16,27,3,2025_full
1022500215,LVA,and_one,midrange,-35,109,11,2025_full
1022500215,PHX,and_one,at_rim,-23,9,2,2025_full
1022500215,LVA,shooting,at_rim,-15,24,3,2025_full
1022500215,LVA,shooting,at_rim,-24,12,3,2025_full
1022500215,PHX,and_one,at_rim,-20,7,2,2025_full
1022500215,PHX,and_one,midrange,-5,76,8,2025_full
1022500216,MIN,and_one,midrange,13,200,20,2025_full
1022500216,NYL,and_one,at_rim,-2,13,1,2025_full
1022500216,MIN,shooting,at_rim,5,13,1,2025_full
1022500216,NYL,and_one,at_rim,-1,25,3,2025_full
1022500216,MIN,and_one,at_rim,9,36,4,2025_full
1022500216,MIN,shooting,at_rim,-6,10,1,2025_full
1022500216,MIN,shooting,midrange,140,6,14,2025_full
1022500216,MIN,shooting,at_rim,-8,16,2,2025_full
1022500217,WAS,shooting,midrange,46,99,11,2025_full
1022500217,WAS,and_one,at_rim,-22,11,2,2025_full
1022500217,LAS,and_one,at_rim,-4,11,1,2025_full
1022500218,IND,and_one,at_rim,-39,10,4,2025_full
1022500218,CON,shooting,at_rim,1,38,4,2025_full
1022500218,IND,shooting,at_rim,34,15,4,2025_full
1022500218,IND,and_one,at_rim,-21,20,3,2025_full
1022500218,IND,shooting,at_rim,13,31,3,2025_full
1022500218,IND,and_one,at_rim,-17,8,2,2025_full
1022500218,IND,shooting,at_rim,-22,13,3,2025_full
1022500218,IND,and_one,at_rim,-32,18,4,2025_full
1022500219,LVA,and_one,midrange,-52,21,6,2025_full
1022500219,DAL,and_one,at_rim,38,2,4,2025_full
1022500219,LVA,shooting,midrange,-123,-18,12,2025_full
1022500219,DAL,and_one,midrange,49,45,7,2025_full
1022500219,DAL,and_one,at_rim,38,4,4,2025_full
1022500219,LVA,shooting,midrange,-74,163,18,2025_full
1022500219,LVA,and_one,at_rim,-42,6,4,2025_full
1022500219,LVA,shooting,at_rim,-22,8,2,2025_full
1022500219,DAL,and_one,midrange,43,38,6,2025_full
1022500219,DAL,and_one,at_rim,32,15,4,2025_full
1022500220,SEA,shooting,at_rim,1,42,4,2025_full
1022500220,PHX,shooting,3pt,158,188,25,2025_full
1022500220,PHX,and_one,midrange,-5,73,7,2025_full
1022500220,SEA,shooting,at_rim,-18,7,2,2025_full
1022500220,PHX,and_one,at_rim,-26,-3,3,2025_full
1022500220,PHX,shooting,at_rim,-26,-3,3,2025_full
1022500220,SEA,and_one,at_rim,-10,14,2,2025_full
1022500221,GSV,shooting,midrange,-24,106,11,2025_full
1022500221,GSV,and_one,midrange,44,39,6,2025_full
1022500221,GSV,and_one,at_rim,23,17,3,2025_full
1022500222,MIN,and_one,at_rim,-27,20,3,2025_full
1022500223,CON,shooting,3pt,-135,215,25,2025_full
1022500223,WAS,and_one,at_rim,-16,-1,2,2025_full
1022500223,CON,shooting,3pt,149,199,25,2025_full
1022500224,SEA,and_one,at_rim,4,12,1,2025_full
1022500224,SEA,shooting,3pt,-233,6,0,2025_full
1022500224,CHI,and_one,at_rim,12,7,1,2025_full
1022500224,SEA,shooting,midrange,-38,87,9,2025_full
1022500224,CHI,and_one,at_rim,1,-4,0,2025_full
1022500224,CHI,and_one,at_rim,20,6,2,2025_full
1022500224,SEA,and_one,at_rim,0,-6,1,2025_full
1022500225,ATL,shooting,at_rim,-35,25,4,2025_full
1022500225,LVA,shooting,3pt,-151,201,25,2025_full
1022500225,ATL,shooting,midrange,112,178,21,2025_full
1022500225,LVA,and_one,at_rim,-21,16,3,2025_full
1022500225,ATL,and_one,at_rim,21,20,3,2025_full
1022500225,ATL,and_one,midrange,46,33,6,2025_full
1022500226,GSV,and_one,midrange,140,20,14,2025_full
1022500226,GSV,and_one,midrange,-38,62,7,2025_full
1022500226,PHX,and_one,midrange,55,7,6,2025_full
1022500226,PHX,and_one,midrange,36,46,6,2025_full
1022500226,PHX,and_one,midrange,-53,27,6,2025_full
1022500227,LAS,and_one,midrange,76,133,15,2025_full
1022500227,DAL,and_one,at_rim,36,4,4,2025_full
1022500227,DAL,and_one,midrange,-22,41,5,2025_full
1022500227,LAS,shooting,3pt,224,63,0,2025_full
1022500227,DAL,and_one,midrange,28,38,5,2025_full
1022500227,DAL,and_one,midrange,79,56,10,2025_full
1022500227,LAS,and_one,at_rim,21,27,3,2025_full
1022500227,LAS,and_one,at_rim,-26,22,3,2025_full
1022500228,CON,shooting,at_rim,-18,33,4,2025_full
1022500228,CON,shooting,midrange,56,151,16,2025_full
1022500228,CON,and_one,at_rim,13,25,3,2025_full
1022500229,CHI,shooting,3pt,-237,11,24,2025_full
1022500229,NYL,and_one,at_rim,18,18,3,2025_full
1022500229,NYL,and_one,at_rim,21,-3,2,2025_full
1022500229,CHI,and_one,midrange,34,98,10,2025_full
1022500229,CHI,shooting,at_rim,-33,1,3,2025_full
1022500229,CHI,shooting,midrange,35,29,5,2025_full
1022500229,NYL,and_one,at_rim,24,24,3,2025_full
1022500229,CHI,shooting,midrange,42,92,10,2025_full
1022500230,ATL,shooting,midrange,33,119,12,2025_full
1022500230,ATL,and_one,3pt,-195,138,24,2025_full
1022500230,ATL,shooting,3pt,-174,163,24,2025_full
1022500231,PHX,and_one,at_rim,27,23,4,2025_full
1022500231,PHX,shooting,midrange,52,6,5,2025_full
1022500231,PHX,and_one,midrange,63,40,7,2025_full
1022500231,PHX,shooting,3pt,184,262,32,2025_full
1022500231,PHX,shooting,3pt,152,215,26,2025_full
1022500231,PHX,and_one,midrange,-49,32,6,2025_full
1022500231,LVA,and_one,at_rim,-40,18,4,2025_full
1022500232,IND,and_one,midrange,21,81,8,2025_full
1022500232,MIN,and_one,midrange,-51,34,6,2025_full
1022500232,IND,shooting,3pt,86,227,24,2025_full
1022500232,IND,shooting,midrange,-35,68,8,2025_full
1022500232,MIN,and_one,at_rim,-23,21,3,2025_full
1022500232,MIN,and_one,at_rim,18,22,3,2025_full
1022500232,MIN,and_one,at_rim,23,22,3,2025_full
1022500233,SEA,and_one,at_rim,-16,6,2,2025_full
1022500233,SEA,and_one,at_rim,13,9,2,2025_full
1022500233,SEA,shooting,at_rim,-13,4,1,2025_full
1022500233,SEA,and_one,at_rim,-17,29,3,2025_full
1022500233,SEA,and_one,at_rim,7,23,2,2025_full
1022500233,DAL,shooting,3pt,-57,230,24,2025_full
1022500233,SEA,shooting,midrange,1,99,10,2025_full
1022500234,GSV,and_one,midrange,27,180,18,2025_full
1022500235,NYL,shooting,at_rim,1,14,1,2025_full
1022500235,NYL,shooting,midrange,-28,78,8,2025_full
1022500235,ATL,and_one,at_rim,1,17,2,2025_full
1022500235,ATL,shooting,3pt,-145,206,25,2025_full
1022500235,ATL,and_one,at_rim,-17,23,3,2025_full
1022500236,WAS,shooting,at_rim,5,-4,1,2025_full
1022500236,WAS,shooting,at_rim,-18,13,2,2025_full
1022500236,WAS,and_one,at_rim,-8,-9,1,2025_full
1022500236,WAS,shooting,midrange,55,4,6,2025_full
1022500236,LVA,shooting,midrange,-81,47,9,2025_full
1022500236,WAS,and_one,at_rim,35,-7,4,2025_full
1022500236,LVA,and_one,at_rim,5,-7,1,2025_full
1022500236,WAS,shooting,at_rim,35,-7,4,2025_full
1022500236,WAS,and_one,at_rim,-12,-4,1,2025_full
1022500236,LVA,and_one,at_rim,7,7,1,2025_full
1022500237,CHI,and_one,at_rim,-7,18,2,2025_full
1022500237,CON,and_one,at_rim,2,15,2,2025_full
1022500237,CON,shooting,3pt,177,145,0,2025_full
1022500237,CHI,and_one,at_rim,23,10,3,2025_full
1022500237,CON,shooting,at_rim,0,-6,1,2025_full
1022500237,CHI,shooting,at_rim,29,20,4,2025_full
1022500237,CHI,shooting,at_rim,38,17,4,2025_full
1022500238,WAS,shooting,midrange,-70,18,7,2025_full
1022500238,WAS,and_one,at_rim,0,25,3,2025_full
1022500238,WAS,shooting,midrange,37,66,8,2025_full
1022500238,WAS,and_one,at_rim,24,-11,3,2025_full
1022500238,SEA,shooting,at_rim,-27,18,3,2025_full
1022500239,DAL,shooting,at_rim,17,12,2,2025_full
1022500239,DAL,shooting,3pt,232,0,0,2025_full
1022500239,DAL,and_one,at_rim,-27,29,4,2025_full
1022500239,DAL,and_one,midrange,35,63,7,2025_full
1022500239,DAL,and_one,at_rim,-18,18,3,2025_full
1022500239,DAL,and_one,at_rim,-15,20,3,2025_full
1022500240,IND,and_one,at_rim,40,9,4,2025_full
1022500240,IND,shooting,3pt,24,238,24,2025_full
1022500240,MIN,and_one,at_rim,-13,6,1,2025_full
1022500240,IND,and_one,at_rim,28,1,3,2025_full
1022500240,MIN,and_one,midrange,72,160,18,2025_full
1022500241,NYL,shooting,midrange,44,39,6,2025_full
1022500241,CON,shooting,midrange,50,44,7,2025_full
1022500241,NYL,shooting,midrange,-39,24,5,2025_full
1022500241,CON,shooting,3pt,-163,195,25,2025_full
1022500241,NYL,shooting,midrange,1,68,7,2025_full
1022500241,CON,shooting,3pt,-183,175,25,2025_full
1022500242,CHI,shooting,3pt,-176,189,26,2025_full
1022500242,CHI,shooting,midrange,38,113,12,2025_full
1022500242,CHI,shooting,at_rim,-11,15,2,2025_full
1022500242,LVA,shooting,at_rim,-13,31,3,2025_full
1022500242,CHI,and_one,midrange,55,2,6,2025_full
1022500242,LVA,and_one,at_rim,-18,14,2,2025_full
1022500242,LVA,and_one,at_rim,-11,14,2,2025_full
1022500242,CHI,and_one,at_rim,-17,11,2,2025_full
1022500242,CHI,shooting,midrange,-40,63,7,2025_full
1022500243,IND,and_one,at_rim,33,28,4,2025_full
1022500243,IND,shooting,at_rim,18,12,2,2025_full
1022500243,SEA,and_one,midrange,-22,55,6,2025_full
1022500243,SEA,and_one,midrange,0,55,6,2025_full
1022500244,LAS,shooting,at_rim,-19,39,4,2025_full
1022500244,PHX,and_one,midrange,55,43,7,2025_full
1022500244,LAS,and_one,at_rim,5,23,2,2025_full
1022500244,LAS,and_one,midrange,-72,144,16,2025_full
1022500244,LAS,and_one,at_rim,4,4,1,2025_full
1022500244,PHX,and_one,at_rim,26,27,4,2025_full
1022500244,LAS,and_one,midrange,-6,71,7,2025_full
1022500244,LAS,shooting,midrange,18,66,7,2025_full
1022500244,LAS,and_one,at_rim,13,2,1,2025_full
1022500245,ATL,and_one,at_rim,1,15,2,2025_full
1022500245,LVA,and_one,3pt,230,-8,0,2025_full
1022500245,LVA,shooting,midrange,-44,116,12,2025_full
1022500245,LVA,shooting,at_rim,-12,9,2,2025_full
1022500246,DAL,and_one,at_rim,15,7,2,2025_full
1022500246,CON,shooting,3pt,-37,256,26,2025_full
1022500246,DAL,and_one,midrange,-18,60,6,2025_full
1022500246,CON,shooting,midrange,19,58,6,2025_full
1022500246,CON,and_one,midrange,-51,46,7,2025_full
1022500246,CON,and_one,at_rim,-16,9,2,2025_full
1022500246,CON,and_one,at_rim,3,-3,0,2025_full
1022500246,CON,shooting,midrange,-16,69,7,2025_full
1022500246,DAL,and_one,midrange,-28,78,8,2025_full
1022500247,NYL,and_one,at_rim,23,7,2,2025_full
1022500247,NYL,shooting,3pt,168,173,24,2025_full
1022500247,NYL,shooting,midrange,41,28,5,2025_full
1022500248,MIN,and_one,at_rim,21,17,3,2025_full
1022500248,SEA,and_one,at_rim,16,3,2,2025_full
1022500248,SEA,shooting,3pt,-117,243,27,2025_full
1022500248,MIN,shooting,3pt,-168,172,24,2025_full
1022500249,CHI,shooting,midrange,40,36,5,2025_full
1022500249,PHX,and_one,at_rim,27,10,3,2025_full
1022500249,CHI,and_one,midrange,-15,178,18,2025_full
1022500249,PHX,shooting,3pt,199,129,24,2025_full
1022500249,CHI,and_one,at_rim,10,22,2,2025_full
1022500250,ATL,shooting,midrange,-17,48,5,2025_full
1022500250,DAL,and_one,at_rim,-12,22,3,2025_full
1022500250,DAL,and_one,at_rim,39,18,4,2025_full
1022500250,DAL,shooting,3pt,-86,226,24,2025_full
1022500250,ATL,shooting,at_rim,-1,13,1,2025_full
1022500250,DAL,and_one,at_rim,-4,10,1,2025_full
1022500251,LAS,shooting,at_rim,-29,24,4,2025_full
1022500251,LAS,and_one,at_rim,6,25,3,2025_full
1022500251,IND,shooting,midrange,62,79,10,2025_full
1022500252,CON,and_one,at_rim,-28,16,3,2025_full
1022500252,CON,shooting,at_rim,0,-6,1,2025_full
1022500253,WAS,shooting,midrange,144,40,15,2025_full
1022500253,GSV,and_one,midrange,32,53,6,2025_full
1022500253,GSV,and_one,midrange,57,39,7,2025_full
1022500253,GSV,shooting,at_rim,27,7,3,2025_full
1022500254,CHI,shooting,at_rim,0,-6,1,2025_full
1022500254,SEA,shooting,3pt,-138,192,24,2025_full
1022500254,SEA,and_one,at_rim,-2,34,3,2025_full
1022500254,CHI,and_one,at_rim,29,18,3,2025_full
1022500254,CHI,shooting,at_rim,13,35,4,2025_full
1022500254,SEA,and_one,at_rim,-11,20,2,2025_full
1022500254,SEA,shooting,at_rim,9,42,4,2025_full
1022500254,CHI,and_one,midrange,2,52,5,2025_full
1022500254,SEA,shooting,at_rim,17,33,4,2025_full
1022500255,NYL,shooting,at_rim,-17,34,4,2025_full
1022500255,PHX,shooting,at_rim,6,1,1,2025_full
1022500255,PHX,and_one,3pt,-238,1,24,2025_full
1022500256,LAS,and_one,at_rim,23,10,3,2025_full
1022500256,LAS,and_one,at_rim,1,15,2,2025_full
1022500257,GSV,shooting,3pt,-46,262,27,2025_full
1022500257,IND,and_one,midrange,-47,-1,5,2025_full
1022500257,GSV,and_one,midrange,43,29,5,2025_full
1022500257,GSV,and_one,midrange,-169,74,18,2025_full
1022500257,IND,and_one,midrange,6,54,5,2025_full
1022500258,ATL,shooting,at_rim,2,28,3,2025_full
1022500258,CON,and_one,midrange,16,76,8,2025_full
1022500258,ATL,and_one,at_rim,-6,13,1,2025_full
1022500258,ATL,shooting,at_rim,4,6,1,2025_full
1022500258,CON,and_one,midrange,-23,60,6,2025_full
1022500258,ATL,shooting,at_rim,21,7,2,2025_full
1022500258,CON,and_one,at_rim,-19,11,2,2025_full
1022500258,CON,and_one,midrange,-65,89,11,2025_full
1022500258,ATL,and_one,at_rim,-15,26,3,2025_full
1022500258,ATL,and_one,midrange,-18,61,6,2025_full
1022500258,ATL,and_one,midrange,48,97,11,2025_full
1022500258,CON,shooting,3pt,-229,-14,0,2025_full
1022500258,ATL,and_one,at_rim,-18,39,4,2025_full
1022500259,MIN,and_one,at_rim,-34,12,4,2025_full
1022500259,MIN,shooting,3pt,157,194,25,2025_full
1022500259,DAL,shooting,at_rim,-17,33,4,2025_full
1022500259,DAL,and_one,at_rim,-17,28,3,2025_full
1022500259,DAL,and_one,at_rim,28,29,4,2025_full
1022500259,DAL,shooting,at_rim,28,29,4,2025_full
1022500259,DAL,and_one,midrange,48,9,5,2025_full
1022500260,LAS,shooting,at_rim,26,10,3,2025_full
1022500260,SEA,and_one,at_rim,-11,15,2,2025_full
1022500260,LAS,and_one,at_rim,-35,-12,4,2025_full
1022500260,LAS,and_one,at_rim,-27,15,3,2025_full
1022500260,LAS,and_one,at_rim,13,7,1,2025_full
1022500260,LAS,and_one,at_rim,1,7,1,2025_full
1022500260,SEA,and_one,at_rim,37,23,4,2025_full
1022500260,SEA,and_one,at_rim,17,-6,2,2025_full
1022500260,SEA,and_one,at_rim,-43,-10,4,2025_full
1022500260,LAS,and_one,midrange,39,33,5,2025_full
1022500261,GSV,and_one,at_rim,-35,7,4,2025_full
1022500261,GSV,shooting,at_rim,-35,7,4,2025_full
1022500261,GSV,and_one,3pt,-228,101,25,2025_full
1022500261,GSV,and_one,midrange,33,46,6,2025_full
1022500261,NYL,shooting,midrange,-33,33,5,2025_full
1022500261,NYL,and_one,midrange,4,55,6,2025_full
1022500261,NYL,shooting,midrange,4,55,6,2025_full
1022500262,PHX,and_one,at_rim,38,14,4,2025_full
1022500262,PHX,shooting,midrange,19,78,8,2025_full
1022500262,PHX,and_one,midrange,15,43,5,2025_full
1022500262,PHX,and_one,midrange,-42,23,5,2025_full
1022500262,PHX,shooting,3pt,191,280,34,2025_full
1022500262,IND,and_one,at_rim,-15,19,2,2025_full
1022500262,PHX,shooting,midrange,29,192,19,2025_full
1022500262,PHX,shooting,midrange,9,114,11,2025_full
1022500262,PHX,shooting,3pt,-207,119,24,2025_full
1022500263,LAS,shooting,3pt,143,201,25,2025_full
1022500263,ATL,shooting,3pt,-165,186,25,2025_full
1022500263,LAS,and_one,at_rim,6,13,1,2025_full
1022500263,ATL,and_one,at_rim,2,36,4,2025_full
1022500263,ATL,and_one,at_rim,17,24,3,2025_full
1022500263,LAS,shooting,midrange,3,71,7,2025_full
1022500263,LAS,and_one,midrange,-3,49,5,2025_full
1022500263,ATL,and_one,at_rim,22,11,2,2025_full
1022500263,LAS,and_one,at_rim,-33,23,4,2025_full
1022500263,LAS,shooting,3pt,-223,86,24,2025_full
1022500263,LAS,shooting,3pt,-227,68,24,2025_full
1022500264,CHI,and_one,at_rim,17,7,2,2025_full
1022500264,CHI,and_one,midrange,-43,47,6,2025_full
1022500264,CHI,and_one,at_rim,-10,9,1,2025_full
1022500264,CON,and_one,midrange,-96,39,10,2025_full
1022500264,CON,and_one,at_rim,-20,-1,2,2025_full
1022500264,CHI,shooting,at_rim,0,-6,1,2025_full
1022500264,CHI,shooting,at_rim,18,4,2,2025_full
1022500264,CON,and_one,at_rim,20,10,2,2025_full
1022500264,CHI,and_one,at_rim,-17,8,2,2025_full
1022500265,WAS,and_one,at_rim,-7,6,1,2025_full
1022500265,WAS,shooting,at_rim,-19,2,2,2025_full
1022500265,PHX,and_one,at_rim,15,11,2,2025_full
1022500265,WAS,and_one,midrange,5,58,6,2025_full
1022500265,WAS,and_one,midrange,35,29,5,2025_full
1022500266,GSV,and_one,at_rim,-16,15,2,2025_full
1022500266,DAL,and_one,midrange,29,47,6,2025_full
1022500266,GSV,and_one,midrange,-23,176,18,2025_full
1022500266,GSV,and_one,midrange,-13,109,11,2025_full
1022500266,DAL,shooting,midrange,-4,52,5,2025_full
1022500266,DAL,and_one,midrange,-93,60,11,2025_full
1022500266,GSV,and_one,midrange,35,43,6,2025_full
1022500267,MIN,shooting,at_rim,-28,21,4,2025_full
1022500267,LVA,and_one,midrange,12,47,5,2025_full
1022500267,MIN,shooting,midrange,-40,104,11,2025_full
1022500268,LAS,shooting,at_rim,-28,20,3,2025_full
1022500268,LAS,and_one,at_rim,-11,9,1,2025_full
1022500268,LAS,shooting,at_rim,-7,5,1,2025_full
1022500269,IND,and_one,3pt,238,25,24,2025_full
1022500269,CHI,shooting,3pt,151,242,29,2025_full
1022500269,CHI,shooting,at_rim,-27,14,3,2025_full
1022500269,CHI,shooting,at_rim,-19,1,2,2025_full
1022500269,CHI,shooting,at_rim,6,11,1,2025_full
1022500269,CHI,shooting,midrange,-145,136,20,2025_full
1022500269,IND,and_one,midrange,33,36,5,2025_full
1022500269,CHI,and_one,midrange,55,29,6,2025_full
1022500269,IND,and_one,at_rim,23,9,2,2025_full
1022500269,IND,and_one,midrange,-3,81,8,2025_full
1022500270,NYL,shooting,3pt,169,181,25,2025_full
1022500270,NYL,shooting,3pt,203,114,0,2025_full
1022500270,NYL,and_one,at_rim,12,11,2,2025_full
1022500270,SEA,and_one,midrange,7,87,9,2025_full
1022500270,NYL,shooting,at_rim,27,16,3,2025_full
1022500271,CON,and_one,midrange,71,35,8,2025_full
1022500271,PHX,and_one,midrange,22,53,6,2025_full
1022500271,PHX,and_one,at_rim,-8,37,4,2025_full
1022500271,PHX,shooting,3pt,63,248,26,2025_full
1022500271,CON,and_one,midrange,-45,19,5,2025_full
1022500271,CON,shooting,midrange,-45,19,5,2025_full
1022500271,PHX,and_one,midrange,-24,55,6,2025_full
1022500271,CON,and_one,at_rim,38,12,4,2025_full
1022500271,PHX,and_one,at_rim,29,25,4,2025_full
1022500271,CON,and_one,at_rim,26,32,4,2025_full
1022500271,CON,shooting,midrange,46,82,9,2025_full
1022500272,MIN,and_one,at_rim,-2,2,0,2025_full
1022500272,GSV,shooting,3pt,-240,-7,24,2025_full
1022500272,GSV,shooting,at_rim,6,-12,1,2025_full
1022500272,GSV,and_one,midrange,-23,95,10,2025_full
1022500272,GSV,shooting,3pt,-146,203,25,2025_full
1022500272,GSV,and_one,midrange,51,31,6,2025_full
1022500273,IND,and_one,at_rim,32,27,4,2025_full
1022500273,WAS,and_one,at_rim,11,43,4,2025_full
1022500273,WAS,and_one,at_rim,-39,13,4,2025_full
1022500273,WAS,and_one,at_rim,26,22,3,2025_full
1022500273,IND,and_one,midrange,-10,55,6,2025_full
1022500273,IND,shooting,at_rim,-11,28,3,2025_full
1022500274,DAL,and_one,midrange,50,23,6,2025_full
1022500274,LAS,shooting,midrange,-40,47,6,2025_full
1022500274,DAL,shooting,at_rim,-21,6,2,2025_full
1022500274,LAS,and_one,at_rim,18,15,2,2025_full
1022500274,LAS,and_one,at_rim,-8,13,2,2025_full
1022500274,LAS,and_one,at_rim,11,27,3,2025_full
1022500274,DAL,shooting,3pt,165,181,24,2025_full
1022500274,LAS,and_one,at_rim,-17,33,4,2025_full
1022500275,LVA,and_one,midrange,39,50,6,2025_full
1022500275,LVA,and_one,midrange,-46,65,8,2025_full
1022500275,CHI,and_one,midrange,40,32,5,2025_full
1022500275,LVA,shooting,midrange,-48,15,5,2025_full
1022500276,ATL,shooting,3pt,-164,174,24,2025_full
1022500276,CON,shooting,midrange,-40,30,5,2025_full
1022500276,ATL,shooting,3pt,-118,221,25,2025_full
1022500276,ATL,and_one,at_rim,-6,13,1,2025_full
1022500276,ATL,and_one,midrange,-39,24,5,2025_full
1022500276,ATL,and_one,at_rim,7,14,2,2025_full
1022500276,CON,and_one,at_rim,-27,17,3,2025_full
1022500277,NYL,and_one,midrange,-16,53,6,2025_full
1022500277,NYL,shooting,midrange,-39,25,5,2025_full
1022500277,WAS,shooting,midrange,41,28,5,2025_full
1022500277,NYL,shooting,3pt,-229,117,26,2025_full
1022500277,NYL,shooting,3pt,185,153,24,2025_full
1022500277,NYL,and_one,at_rim,-18,7,2,2025_full
1022500277,WAS,shooting,midrange,74,135,15,2025_full
1022500277,WAS,and_one,at_rim,21,21,3,2025_full
1022500278,MIN,and_one,at_rim,-32,4,3,2025_full
1022500278,MIN,shooting,at_rim,-28,6,3,2025_full
1022500279,LVA,shooting,midrange,-136,-12,14,2025_full
1022500279,CHI,shooting,at_rim,2,39,4,2025_full
1022500279,LVA,shooting,midrange,149,1,15,2025_full
1022500280,LAS,and_one,at_rim,-9,24,3,2025_full
1022500280,LAS,shooting,3pt,183,154,24,2025_full
1022500280,LAS,and_one,at_rim,-11,22,2,2025_full
1022500280,PHX,and_one,at_rim,2,4,0,2025_full
1022500280,PHX,shooting,at_rim,-15,23,3,2025_full
1022500280,LAS,and_one,at_rim,-1,15,2,2025_full
1022500280,LAS,and_one,at_rim,-6,15,2,2025_full
1022500280,LAS,and_one,midrange,107,22,11,2025_full
1022500281,SEA,and_one,at_rim,-24,15,3,2025_full
1022500281,SEA,shooting,3pt,227,22,0,2025_full
1022500281,GSV,and_one,midrange,12,75,8,2025_full
1022500281,GSV,and_one,at_rim,-26,0,3,2025_full
1022500281,SEA,and_one,at_rim,-4,31,3,2025_full
1022500281,GSV,shooting,at_rim,-18,14,2,2025_full
1022500281,SEA,shooting,3pt,-130,195,0,2025_full
1022500281,SEA,shooting,at_rim,-38,4,4,2025_full
1022500282,ATL,and_one,midrange,-116,25,12,2025_full
1022500282,ATL,shooting,midrange,-28,41,5,2025_full
1022500282,CON,shooting,3pt,106,213,24,2025_full
1022500282,CON,and_one,at_rim,36,12,4,2025_full
1022500282,CON,shooting,at_rim,7,1,1,2025_full
1022500283,NYL,shooting,at_rim,0,-6,1,2025_full
1022500283,NYL,and_one,at_rim,0,-6,1,2025_full
1022500283,CHI,and_one,at_rim,9,7,1,2025_full
1022500283,NYL,and_one,at_rim,-5,7,1,2025_full
1022500283,NYL,and_one,at_rim,15,11,2,2025_full
1022500283,NYL,shooting,at_rim,0,-6,1,2025_full
1022500283,CHI,shooting,3pt,-150,202,25,2025_full
1022500284,PHX,shooting,3pt,-11,262,26,2025_full
1022500284,PHX,and_one,midrange,-13,46,5,2025_full
1022500284,DAL,and_one,at_rim,11,20,2,2025_full
1022500284,DAL,and_one,at_rim,3,9,1,2025_full
1022500284,DAL,and_one,midrange,0,66,7,2025_full
1022500284,DAL,shooting,midrange,-9,82,8,2025_full
1022500284,DAL,shooting,3pt,113,233,26,2025_full
1022500285,GSV,shooting,3pt,175,159,24,2025_full
1022500285,MIN,and_one,at_rim,29,2,3,2025_full
1022500285,MIN,shooting,at_rim,0,12,1,2025_full
1022500286,LAS,shooting,at_rim,-20,20,3,2025_full
1022500286,LAS,and_one,at_rim,-17,16,2,2025_full
1022500286,LAS,and_one,at_rim,28,18,3,2025_full
1022600001,NYL,and_one,at_rim,-15,12,2,2026_first8
1022600001,CON,and_one,at_rim,23,18,3,2026_first8
1022600001,CON,and_one,at_rim,17,6,2,2026_first8
1022600001,CON,and_one,at_rim,-13,6,1,2026_first8
1022600001,NYL,shooting,at_rim,26,18,3,2026_first8
1022600001,NYL,and_one,at_rim,29,10,3,2026_first8
1022600002,TOR,shooting,midrange,56,5,6,2026_first8
1022600002,TOR,shooting,midrange,22,59,6,2026_first8
1022600002,WAS,and_one,at_rim,-16,20,3,2026_first8
1022600002,TOR,and_one,at_rim,-15,13,2,2026_first8
1022600002,WAS,shooting,at_rim,0,-6,1,2026_first8
1022600002,TOR,shooting,at_rim,22,17,3,2026_first8
1022600002,WAS,and_one,at_rim,10,25,3,2026_first8
1022600002,WAS,and_one,at_rim,-8,9,1,2026_first8
1022600003,SEA,and_one,midrange,-20,86,9,2026_first8
1022600003,SEA,shooting,at_rim,26,2,3,2026_first8
1022600003,GSV,and_one,midrange,1,90,9,2026_first8
1022600003,SEA,shooting,midrange,166,27,17,2026_first8
1022600003,SEA,and_one,midrange,-17,67,7,2026_first8
1022600003,GSV,and_one,at_rim,-22,10,2,2026_first8
1022600003,SEA,and_one,midrange,53,120,13,2026_first8
1022600003,GSV,and_one,midrange,-43,93,10,2026_first8
1022600003,SEA,shooting,midrange,-50,99,11,2026_first8
1022600004,DAL,and_one,at_rim,16,12,2,2026_first8
1022600004,DAL,and_one,at_rim,-23,14,3,2026_first8
1022600004,DAL,and_one,at_rim,-26,12,3,2026_first8
1022600004,DAL,shooting,midrange,-61,34,7,2026_first8
1022600004,DAL,and_one,at_rim,11,28,3,2026_first8
1022600004,IND,shooting,3pt,-45,243,25,2026_first8
1022600004,DAL,and_one,3pt,-138,194,24,2026_first8
1022600004,DAL,shooting,at_rim,-23,-10,3,2026_first8
1022600004,IND,and_one,at_rim,-21,24,3,2026_first8
1022600005,LVA,shooting,midrange,-77,67,10,2026_first8
1022600005,PHX,shooting,midrange,63,56,8,2026_first8
1022600005,PHX,and_one,midrange,-51,58,8,2026_first8
1022600005,LVA,shooting,at_rim,33,15,4,2026_first8
1022600005,PHX,and_one,at_rim,-37,0,4,2026_first8
1022600006,CHI,shooting,at_rim,-13,15,2,2026_first8
1022600006,CHI,and_one,at_rim,18,14,2,2026_first8
1022600006,PDX,shooting,at_rim,-36,25,4,2026_first8
1022600006,CHI,and_one,at_rim,8,12,1,2026_first8
1022600006,CHI,and_one,at_rim,1,18,2,2026_first8
1022600006,PDX,and_one,at_rim,-21,18,3,2026_first8
1022600006,CHI,shooting,at_rim,31,4,3,2026_first8
1022600006,CHI,shooting,at_rim,20,10,2,2026_first8
1022600006,CHI,and_one,at_rim,10,42,4,2026_first8
1022600006,PDX,shooting,3pt,-167,184,25,2026_first8
1022600006,CHI,shooting,at_rim,-24,29,4,2026_first8
1022600007,CON,shooting,at_rim,-22,7,2,2026_first8
1022600007,SEA,shooting,3pt,-2,244,24,2026_first8
1022600007,CON,shooting,midrange,4,127,13,2026_first8
1022600007,SEA,and_one,at_rim,-9,6,1,2026_first8
1022600007,SEA,shooting,at_rim,-12,14,2,2026_first8
1022600008,NYL,and_one,midrange,43,18,5,2026_first8
1022600008,WAS,and_one,midrange,-1,113,11,2026_first8
1022600008,WAS,and_one,at_rim,20,-10,2,2026_first8
1022600008,WAS,shooting,at_rim,-32,2,3,2026_first8
1022600008,WAS,and_one,at_rim,-42,-5,4,2026_first8
1022600008,NYL,and_one,at_rim,26,6,3,2026_first8
1022600008,WAS,and_one,at_rim,-27,3,3,2026_first8
1022600009,LAS,and_one,at_rim,-6,19,2,2026_first8
1022600009,LVA,shooting,3pt,84,228,24,2026_first8
1022600009,LAS,shooting,3pt,-56,240,25,2026_first8
1022600009,LAS,and_one,at_rim,-17,5,2,2026_first8
1022600009,LAS,shooting,3pt,-121,210,24,2026_first8
1022600009,LVA,shooting,midrange,-4,51,5,2026_first8
1022600009,LAS,shooting,3pt,106,220,24,2026_first8
1022600009,LVA,and_one,at_rim,-7,17,2,2026_first8
1022600010,ATL,and_one,at_rim,11,9,1,2026_first8
1022600010,MIN,shooting,midrange,136,47,14,2026_first8
1022600010,MIN,and_one,at_rim,-17,23,3,2026_first8
1022600010,MIN,shooting,3pt,-94,249,27,2026_first8
1022600010,ATL,shooting,3pt,238,-8,24,2026_first8
1022600010,ATL,shooting,3pt,-211,90,0,2026_first8
1022600010,ATL,and_one,at_rim,10,13,2,2026_first8
1022600010,ATL,shooting,at_rim,-12,17,2,2026_first8
1022600011,GSV,and_one,at_rim,15,20,3,2026_first8
1022600011,PHX,and_one,midrange,28,56,6,2026_first8
1022600011,GSV,and_one,midrange,63,142,16,2026_first8
1022600011,GSV,and_one,at_rim,7,28,3,2026_first8
1022600011,GSV,shooting,at_rim,7,28,3,2026_first8
1022600012,DAL,and_one,midrange,-55,46,7,2026_first8
1022600012,DAL,shooting,midrange,-38,44,6,2026_first8
1022600012,ATL,and_one,at_rim,7,7,1,2026_first8
1022600012,ATL,and_one,3pt,-190,141,24,2026_first8
1022600012,DAL,and_one,midrange,-50,50,7,2026_first8
1022600012,DAL,and_one,at_rim,3,16,2,2026_first8
1022600012,ATL,and_one,at_rim,2,31,3,2026_first8
1022600012,DAL,and_one,at_rim,3,44,4,2026_first8
1022600012,DAL,shooting,at_rim,4,27,3,2026_first8
1022600013,PHX,and_one,at_rim,6,20,2,2026_first8
1022600013,PHX,and_one,at_rim,-3,0,0,2026_first8
1022600013,MIN,shooting,at_rim,6,5,1,2026_first8
1022600013,PHX,shooting,at_rim,0,-8,1,2026_first8
1022600013,PHX,shooting,at_rim,11,0,1,2026_first8
1022600013,PHX,and_one,at_rim,0,-1,0,2026_first8
1022600013,PHX,and_one,at_rim,-1,5,1,2026_first8
1022600013,MIN,and_one,at_rim,4,2,0,2026_first8
1022600013,PHX,shooting,at_rim,-2,4,0,2026_first8
1022600013,PHX,shooting,at_rim,-2,12,1,2026_first8
1022600014,PDX,shooting,at_rim,32,9,3,2026_first8
1022600014,NYL,and_one,at_rim,40,15,4,2026_first8
1022600014,PDX,and_one,at_rim,-33,22,4,2026_first8
1022600014,NYL,shooting,3pt,173,173,24,2026_first8
1022600014,NYL,shooting,at_rim,7,16,2,2026_first8
1022600014,PDX,shooting,midrange,27,61,7,2026_first8
1022600015,TOR,shooting,midrange,-88,147,17,2026_first8
1022600015,TOR,and_one,at_rim,18,9,2,2026_first8
1022600015,SEA,and_one,at_rim,-13,22,3,2026_first8
1022600015,TOR,and_one,at_rim,26,6,3,2026_first8
1022600015,TOR,shooting,at_rim,26,6,3,2026_first8
1022600015,TOR,shooting,at_rim,12,22,3,2026_first8
1022600016,CON,and_one,at_rim,13,-10,2,2026_first8
1022600016,LVA,and_one,midrange,-50,117,13,2026_first8
1022600016,LVA,and_one,at_rim,28,22,4,2026_first8
1022600016,CON,shooting,midrange,110,123,17,2026_first8
1022600016,LVA,shooting,midrange,-93,54,11,2026_first8
1022600016,CON,and_one,midrange,6,56,6,2026_first8
1022600016,CON,and_one,at_rim,-2,-9,1,2026_first8
1022600016,LVA,shooting,midrange,16,55,6,2026_first8
1022600016,LVA,and_one,midrange,-13,61,6,2026_first8
1022600016,CON,shooting,at_rim,-1,20,2,2026_first8
1022600016,LVA,and_one,at_rim,-17,10,2,2026_first8
1022600016,CON,shooting,at_rim,4,29,3,2026_first8
1022600017,GSV,and_one,midrange,32,40,5,2026_first8
1022600017,CHI,shooting,midrange,-10,83,8,2026_first8
1022600017,GSV,shooting,midrange,-95,76,12,2026_first8
1022600017,CHI,shooting,midrange,21,42,5,2026_first8
1022600017,CHI,and_one,at_rim,-23,15,3,2026_first8
1022600017,CHI,shooting,3pt,-227,28,0,2026_first8
1022600018,IND,and_one,midrange,73,34,8,2026_first8
1022600018,LAS,shooting,at_rim,-2,6,1,2026_first8
1022600018,LAS,shooting,midrange,12,100,10,2026_first8
1022600018,LAS,and_one,at_rim,17,7,2,2026_first8
1022600019,DAL,and_one,at_rim,1,0,0,2026_first8
1022600019,MIN,and_one,at_rim,13,25,3,2026_first8
1022600019,DAL,and_one,midrange,91,49,10,2026_first8
1022600019,DAL,and_one,at_rim,13,23,3,2026_first8
1022600019,MIN,and_one,at_rim,12,20,2,2026_first8
1022600019,MIN,and_one,at_rim,12,6,1,2026_first8
1022600020,PDX,shooting,midrange,-46,64,8,2026_first8
1022600020,NYL,shooting,at_rim,-27,13,3,2026_first8
1022600020,PDX,and_one,at_rim,21,9,2,2026_first8
1022600020,PDX,and_one,midrange,-39,120,13,2026_first8
1022600020,PDX,shooting,3pt,12,238,24,2026_first8
1022600021,LVA,and_one,at_rim,22,13,3,2026_first8
1022600021,LVA,shooting,3pt,233,72,24,2026_first8
1022600021,LVA,and_one,at_rim,1,17,2,2026_first8
1022600021,LVA,shooting,at_rim,-18,7,2,2026_first8
1022600021,LVA,and_one,at_rim,16,12,2,2026_first8
1022600021,CON,shooting,3pt,228,76,24,2026_first8
1022600021,CON,and_one,at_rim,5,-7,1,2026_first8
1022600021,LVA,and_one,midrange,-65,128,14,2026_first8
1022600021,LVA,and_one,at_rim,0,-6,1,2026_first8
1022600021,CON,shooting,at_rim,19,17,3,2026_first8
1022600021,LVA,shooting,at_rim,-16,16,2,2026_first8
1022600021,CON,and_one,at_rim,-10,6,1,2026_first8
1022600023,LAS,shooting,at_rim,39,0,4,2026_first8
1022600023,TOR,and_one,midrange,-16,92,9,2026_first8
1022600023,LAS,and_one,at_rim,16,11,2,2026_first8
1022600023,LAS,and_one,at_rim,26,16,3,2026_first8
1022600023,TOR,shooting,at_rim,18,7,2,2026_first8
1022600024,CHI,and_one,at_rim,26,9,3,2026_first8
1022600024,PHX,shooting,midrange,7,74,7,2026_first8
1022600024,CHI,and_one,midrange,13,74,8,2026_first8
1022600024,CHI,and_one,at_rim,-28,5,3,2026_first8
1022600024,CHI,and_one,at_rim,-32,18,4,2026_first8
1022600024,CHI,and_one,midrange,71,13,7,2026_first8
1022600024,PHX,and_one,midrange,16,60,6,2026_first8
1022600026,ATL,and_one,at_rim,-6,12,1,2026_first8
1022600026,LVA,shooting,midrange,37,130,14,2026_first8
1022600026,ATL,and_one,at_rim,16,12,2,2026_first8
1022600026,LVA,and_one,at_rim,-18,7,2,2026_first8
1022600026,ATL,shooting,at_rim,0,-6,1,2026_first8
1022600026,LVA,and_one,at_rim,0,35,4,2026_first8
1022600026,ATL,and_one,at_rim,12,10,2,2026_first8
1022600026,ATL,shooting,midrange,21,173,17,2026_first8
1022600026,LVA,and_one,at_rim,11,6,1,2026_first8
1022600026,ATL,shooting,at_rim,18,9,2,2026_first8
1022600026,LVA,and_one,at_rim,-20,6,2,2026_first8
1022600026,LVA,shooting,midrange,-43,131,14,2026_first8
1022600026,ATL,shooting,at_rim,-18,5,2,2026_first8
1022600026,ATL,and_one,at_rim,-1,10,1,2026_first8
1022600027,IND,and_one,at_rim,11,-3,1,2026_first8
1022600027,IND,shooting,3pt,-118,286,31,2026_first8
1022600027,IND,shooting,3pt,-157,226,28,2026_first8
1022600027,IND,and_one,midrange,-127,117,17,2026_first8
1022600027,IND,and_one,at_rim,-1,13,1,2026_first8
1022600027,IND,and_one,at_rim,-10,29,3,2026_first8
1022600027,SEA,shooting,midrange,96,76,12,2026_first8
